order_id,account_id,company,status,currency,subtotal,tax,total,created_at
575,49964,Durham, Trujillo and Pennington,confirmed,GBP,0.57,0.11,0.68,2025-09-17T10:39:49.461057Z
786,58521,Klein Ltd,invoiced,GBP,2.4,0.48,2.88,2025-09-17T10:39:49.462491Z
574,50791,Dunn, Garcia and Hall,paid,GBP,4.19,0.84,5.03,2025-09-17T10:39:49.464160Z
310,82227,Lopez LLC,confirmed,USD,3.98,0.28,4.26,2025-09-17T10:39:49.465318Z
309,18316,Smith-Gonzalez,created,EUR,1.75,0.35,2.1,2025-09-17T10:39:49.466496Z
521,23086,Garrison LLC,paid,GBP,1279.07,255.81,1534.88,2025-09-17T10:39:49.467755Z
787,50156,Chen-Hernandez,invoiced,USD,1.1,0.08,1.18,2025-09-17T10:39:49.468914Z
98,56713,Guerra, Gomez and Brown,paid,EUR,26369.84,5273.97,31643.81,2025-09-17T10:39:49.472399Z
680,90278,York-Anderson,confirmed,USD,1194.0,83.58,1277.58,2025-09-17T10:39:49.473731Z
416,43238,Porter PLC,confirmed,GBP,1089.97,217.99,1307.96,2025-09-17T10:39:49.475261Z
204,62023,Buckley and Sons,confirmed,GBP,27167.39,5433.48,32600.87,2025-09-17T10:39:49.476914Z
415,54461,Hogan and Sons,created,EUR,2.5,0.5,3.0,2025-09-17T10:39:49.478562Z
522,20045,Hughes PLC,invoiced,GBP,18943.0,3788.6,22731.6,2025-09-17T10:39:49.481338Z
892,39635,Beck-Whitaker,invoiced,EUR,4951.58,990.32,5941.9,2025-09-17T10:39:49.485618Z
97,35498,Shaffer-Watson,invoiced,EUR,496.38,99.28,595.66,2025-09-17T10:39:49.490752Z
681,64237,Stewart, Lowery and Osborne,confirmed,EUR,258.31,51.66,309.97,2025-09-17T10:39:49.519629Z
893,76032,Clark-Guerrero,invoiced,EUR,978.64,195.73,1174.37,2025-09-17T10:39:49.535379Z
999,98972,Mosley PLC,paid,GBP,1.48,0.3,1.78,2025-09-17T10:39:49.548915Z
205,66939,Ramsey-Herrera,created,GBP,9154.61,1830.92,10985.53,2025-09-17T10:39:49.639879Z
311,44670,Hardy-Mata,paid,USD,9950.0,696.5,10646.5,2025-09-17T10:39:49.686823Z
417,88315,Miller, Garner and Mitchell,paid,EUR,1.75,0.35,2.1,2025-09-17T10:39:49.836828Z
523,99642,Zuniga, Ballard and Bennett,invoiced,USD,11881.0,831.67,12712.67,2025-09-17T10:39:49.851839Z
576,87018,Gonzalez-Watkins,created,EUR,13158.28,2631.66,15789.94,2025-09-17T10:39:49.856026Z
682,79329,Gonzalez Inc,paid,EUR,2985.57,597.11,3582.68,2025-09-17T10:39:49.921762Z
788,86895,Peck-Smith,confirmed,EUR,2871.88,574.38,3446.26,2025-09-17T10:39:50.011672Z
894,67992,Campbell-Frazier,created,GBP,1363.0,272.6,1635.6,2025-09-17T10:39:50.031534Z
1000,66226,Hodges, Long and Brown,created,EUR,6965.0,1393.0,8358.0,2025-09-17T10:39:50.144549Z
100,29093,Gibson-Townsend,confirmed,GBP,36217.0,7243.4,43460.4,2025-09-17T10:39:50.185011Z
206,11133,Torres Ltd,paid,USD,1287.07,90.09,1377.16,2025-09-17T10:39:50.250990Z
312,95247,Douglas Inc,created,EUR,0.08,0.02,0.1,2025-09-17T10:39:50.252267Z
418,52282,Rodriguez-Thomas,invoiced,USD,0.56,0.04,0.6,2025-09-17T10:39:50.336852Z
524,39531,Ray Group,created,EUR,31161.03,6232.21,37393.24,2025-09-17T10:39:50.363109Z
577,61331,Miles-Peterson,invoiced,USD,0.78,0.05,0.83,2025-09-17T10:39:50.410146Z
683,62098,Ramirez and Sons,created,GBP,0.29,0.06,0.35,2025-09-17T10:39:50.503098Z
789,72739,Little, Henry and Myers,created,GBP,1133.54,226.71,1360.25,2025-09-17T10:39:50.571759Z
895,94926,Simmons PLC,paid,EUR,5771.0,1154.2,6925.2,2025-09-17T10:39:50.631836Z
101,86172,Kerr PLC,paid,USD,755.05,52.85,807.9,2025-09-17T10:39:50.722274Z
313,84003,Montes Group,confirmed,GBP,2986.13,597.23,3583.36,2025-09-17T10:39:50.737596Z
525,81511,Wells and Sons,created,USD,580.48,40.63,621.11,2025-09-17T10:39:50.875751Z
578,48042,Lambert Ltd,created,GBP,2.56,0.51,3.07,2025-09-17T10:39:50.997070Z
684,60849,Munoz, Galvan and Ryan,invoiced,USD,0.74,0.05,0.79,2025-09-17T10:39:51.023219Z
790,93824,Roberts, Reese and Freeman,confirmed,GBP,465.01,93.0,558.01,2025-09-17T10:39:51.111374Z
102,29421,Gilbert, Jackson and Marquez,created,EUR,2.26,0.45,2.71,2025-09-17T10:39:51.189655Z
208,46577,Norman, Brown and Salinas,confirmed,EUR,2.94,0.59,3.53,2025-09-17T10:39:51.194071Z
314,35746,Rodriguez-Smith,paid,EUR,1016.44,203.29,1219.73,2025-09-17T10:39:51.248721Z
420,13452,Harrington, Nelson and Davis,paid,USD,20774.0,1454.18,22228.18,2025-09-17T10:39:51.298857Z
526,30143,Lopez LLC,created,GBP,2475.57,495.11,2970.68,2025-09-17T10:39:51.371458Z
579,51425,Colon-Bowen,confirmed,USD,3585.65,251.0,3836.65,2025-09-17T10:39:51.407175Z
897,16269,Potter Group,confirmed,EUR,1218.53,243.71,1462.24,2025-09-17T10:39:51.595621Z
103,69807,Horton, Meyers and Norris,invoiced,EUR,4.1,0.82,4.92,2025-09-17T10:39:51.659321Z
209,83012,Johnson, Sheppard and Mitchell,paid,USD,2043.07,143.01,2186.08,2025-09-17T10:39:51.767816Z
421,95778,Carr, Glenn and Snyder,invoiced,USD,7928.0,554.96,8482.96,2025-09-17T10:39:51.862625Z
580,78639,Phillips, Guerra and Faulkner,confirmed,GBP,6138.0,1227.6,7365.6,2025-09-17T10:39:51.907319Z
527,66844,Rhodes-Nunez,confirmed,GBP,2.23,0.45,2.68,2025-09-17T10:39:51.909266Z
686,78881,Carter, Carter and Franco,invoiced,EUR,0.98,0.2,1.18,2025-09-17T10:39:52.008454Z
898,64819,Miller Inc,paid,EUR,0.13,0.03,0.16,2025-09-17T10:39:52.114080Z
104,12560,Dennis and Sons,invoiced,GBP,1683.0,336.6,2019.6,2025-09-17T10:39:52.211955Z
210,60423,Becker Ltd,created,EUR,551.0,110.2,661.2,2025-09-17T10:39:52.263288Z
528,17434,Torres, Salas and Freeman,invoiced,GBP,119.92,23.98,143.9,2025-09-17T10:39:52.376106Z
581,10906,Mitchell Group,created,GBP,1089.0,217.8,1306.8,2025-09-17T10:39:52.441105Z
687,63164,Carson Group,paid,EUR,33716.98,6743.4,40460.38,2025-09-17T10:39:52.491184Z
793,90297,Adams, Patel and Horton,invoiced,EUR,0.16,0.03,0.19,2025-09-17T10:39:52.606024Z
899,26951,Harmon Ltd,paid,GBP,7192.44,1438.49,8630.93,2025-09-17T10:39:52.618990Z
105,87506,Carpenter-Rodriguez,created,GBP,15920.0,3184.0,19104.0,2025-09-17T10:39:52.719429Z
211,84042,Yang-Smith,confirmed,GBP,1884.78,376.96,2261.74,2025-09-17T10:39:52.747856Z
317,70581,Bush Group,paid,EUR,668.29,133.66,801.95,2025-09-17T10:39:52.752410Z
423,52338,Fernandez Ltd,paid,GBP,986.0,197.2,1183.2,2025-09-17T10:39:52.858381Z
529,95212,Manning and Sons,paid,USD,7960.0,557.2,8517.2,2025-09-17T10:39:52.938601Z
582,36855,Ewing, Randall and Greer,created,GBP,20774.0,4154.8,24928.8,2025-09-17T10:39:52.974883Z
688,45107,Montes-Wright,paid,GBP,4776.27,955.25,5731.52,2025-09-17T10:39:52.998716Z
794,50325,Boyd LLC,created,GBP,29946.23,5989.25,35935.48,2025-09-17T10:39:53.089055Z
203,21895,Wilkinson PLC,confirmed,USD,580.0,40.6,620.6,2025-09-17T10:39:53.150733Z
998,31605,Crane-Patel,created,GBP,0.86,0.17,1.03,2025-09-17T10:39:53.155876Z
900,91800,Brooks Inc,paid,EUR,3368.87,673.77,4042.64,2025-09-17T10:39:53.217090Z
99,62950,Gonzalez-White,paid,GBP,4.08,0.82,4.9,2025-09-17T10:39:53.295630Z
106,72814,Peters PLC,invoiced,EUR,0.06,0.01,0.07,2025-09-17T10:39:53.316941Z
212,61938,Haas, Thornton and Brown,invoiced,GBP,31960.28,6392.06,38352.34,2025-09-17T10:39:53.368346Z
424,83607,Pham-Robbins,confirmed,USD,6.11,0.43,6.54,2025-09-17T10:39:53.461618Z
318,95723,Gibson Group,paid,GBP,1393.34,278.67,1672.01,2025-09-17T10:39:53.492454Z
530,53100,Francis PLC,paid,EUR,2871.13,574.23,3445.36,2025-09-17T10:39:53.542562Z
583,80512,Roberts and Sons,invoiced,EUR,101.14,20.23,121.37,2025-09-17T10:39:53.650424Z
689,89752,Shields Inc,created,GBP,175.29,35.06,210.35,2025-09-17T10:39:53.661724Z
795,62531,Simpson-Phillips,paid,GBP,4554.44,910.89,5465.33,2025-09-17T10:39:53.685543Z
901,66520,Phillips, Silva and Cruz,confirmed,USD,19976.06,1398.32,21374.38,2025-09-17T10:39:53.816941Z
1,27611,Boone, Gallagher and Scott,created,USD,2238.4,156.69,2395.09,2025-09-17T10:39:53.865115Z
107,42306,Perkins, Compton and Barrett,paid,EUR,1.69,0.34,2.03,2025-09-17T10:39:53.934660Z
319,33322,Mccormick PLC,paid,GBP,19176.18,3835.24,23011.42,2025-09-17T10:39:54.012066Z
425,64921,Jackson Inc,paid,USD,19976.5,1398.36,21374.86,2025-09-17T10:39:54.051645Z
531,99491,Chaney Group,paid,GBP,10267.0,2053.4,12320.4,2025-09-17T10:39:54.123799Z
584,88071,King, Jones and Phillips,confirmed,EUR,232.94,46.59,279.53,2025-09-17T10:39:54.171376Z
207,76319,Caldwell, Castaneda and Walker,confirmed,GBP,1.03,0.21,1.24,2025-09-17T10:39:54.255122Z
690,52797,Ford, White and Cortez,created,GBP,11543.35,2308.67,13852.02,2025-09-17T10:39:54.319471Z
419,91827,Sharp, Anderson and Campbell,confirmed,GBP,4456.13,891.23,5347.36,2025-09-17T10:39:54.380624Z
796,83550,Olson-Williamson,invoiced,USD,5049.8,353.49,5403.29,2025-09-17T10:39:54.383102Z
902,45776,Walters, Castillo and Lawrence,created,GBP,6046.4,1209.28,7255.68,2025-09-17T10:39:54.475158Z
108,27107,Ochoa, Gilmore and Cruz,paid,GBP,0.4,0.08,0.48,2025-09-17T10:39:54.585357Z
214,77801,Kelly, Evans and Fernandez,created,USD,5.44,0.38,5.82,2025-09-17T10:39:54.598072Z
320,68396,Soto, Kim and Morris,paid,GBP,2577.28,515.46,3092.74,2025-09-17T10:39:54.685722Z
896,36053,Wilson, Morris and Mccoy,invoiced,EUR,4158.0,831.6,4989.6,2025-09-17T10:39:54.718471Z
426,31409,Cross-Bell,invoiced,EUR,594.09,118.82,712.91,2025-09-17T10:39:54.753576Z
532,37483,Montgomery, Davis and Freeman,paid,USD,0.74,0.05,0.79,2025-09-17T10:39:54.836557Z
585,18181,Cortez and Sons,paid,USD,3.99,0.28,4.27,2025-09-17T10:39:54.853383Z
691,29672,Garcia LLC,created,EUR,0.06,0.01,0.07,2025-09-17T10:39:54.965174Z
685,49003,Sanchez LLC,invoiced,EUR,17580.16,3516.03,21096.19,2025-09-17T10:39:55.009469Z
791,98526,Wheeler and Sons,paid,EUR,199.5,39.9,239.4,2025-09-17T10:39:55.074534Z
797,88018,Martinez-Mendoza,paid,GBP,0.28,0.06,0.34,2025-09-17T10:39:55.147762Z
903,15521,Valdez, Roberts and Lopez,invoiced,EUR,6388.2,1277.64,7665.84,2025-09-17T10:39:55.159131Z
3,41190,Stephens, Wood and Munoz,invoiced,EUR,20775.25,4155.05,24930.3,2025-09-17T10:39:55.247482Z
109,46645,Stevens PLC,created,USD,4.33,0.3,4.63,2025-09-17T10:39:55.287812Z
215,15773,Ellison, Garcia and Mitchell,invoiced,USD,0.78,0.05,0.83,2025-09-17T10:39:55.303515Z
315,63734,Gutierrez, Smith and Silva,confirmed,EUR,28764.0,5752.8,34516.8,2025-09-17T10:39:55.355539Z
321,46105,Martinez-Hoffman,paid,GBP,4654.23,930.85,5585.08,2025-09-17T10:39:55.458072Z
427,31452,Ochoa, Pham and Williams,invoiced,GBP,2376.0,475.2,2851.2,2025-09-17T10:39:55.504289Z
533,59493,Vazquez LLC,confirmed,EUR,62322.14,12464.43,74786.57,2025-09-17T10:39:55.539054Z
586,45869,Wolf PLC,confirmed,USD,13583.0,950.81,14533.81,2025-09-17T10:39:55.619815Z
792,84905,Deleon, Choi and Hicks,invoiced,GBP,16808.0,3361.6,20169.6,2025-09-17T10:39:55.649825Z
692,13108,Giles, Anderson and Gibson,invoiced,USD,37554.13,2628.79,40182.92,2025-09-17T10:39:55.752978Z
904,88901,Hunt-Morrison,paid,USD,1044.99,73.15,1118.14,2025-09-17T10:39:55.795918Z
798,63932,Patterson-Russell,created,USD,1386.05,97.02,1483.07,2025-09-17T10:39:55.811448Z
4,40939,Garcia-Foster,created,USD,1188.0,83.16,1271.16,2025-09-17T10:39:55.862784Z
110,60860,Wright, Olson and Hill,paid,USD,8090.0,566.3,8656.3,2025-09-17T10:39:55.919181Z
316,13457,Shepherd Inc,confirmed,GBP,3886.0,777.2,4663.2,2025-09-17T10:39:56.010529Z
216,37223,Lopez, Castillo and Smith,confirmed,USD,493.64,34.55,528.19,2025-09-17T10:39:56.082455Z
322,65034,Brown LLC,created,USD,8768.11,613.77,9381.88,2025-09-17T10:39:56.130224Z
422,60587,Smith-Bonilla,paid,GBP,2.15,0.43,2.58,2025-09-17T10:39:56.155714Z
428,43411,Schmidt Inc,invoiced,USD,46707.29,3269.51,49976.8,2025-09-17T10:39:56.186545Z
587,52672,Pearson PLC,invoiced,GBP,0.46,0.09,0.55,2025-09-17T10:39:56.363572Z
693,73151,Perkins LLC,invoiced,GBP,3069.0,613.8,3682.8,2025-09-17T10:39:56.383953Z
799,34963,Gray, Smith and White,invoiced,USD,0.57,0.04,0.61,2025-09-17T10:39:56.472207Z
905,99663,Reed-Medina,created,GBP,1089.25,217.85,1307.1,2025-09-17T10:39:56.477190Z
5,91644,Harmon-Pope,confirmed,USD,0.37,0.03,0.4,2025-09-17T10:39:56.539220Z
111,37887,Snyder-Sanders,paid,GBP,38246.01,7649.2,45895.21,2025-09-17T10:39:56.585516Z
217,47569,Lopez Ltd,confirmed,EUR,25328.3,5065.66,30393.96,2025-09-17T10:39:56.671993Z
323,24629,Dean Inc,paid,GBP,1392.0,278.4,1670.4,2025-09-17T10:39:56.710390Z
429,87923,Arellano LLC,created,USD,9552.0,668.64,10220.64,2025-09-17T10:39:56.764537Z
535,28451,Myers-Fitzpatrick,confirmed,USD,3465.0,242.55,3707.55,2025-09-17T10:39:56.886723Z
588,62669,Robinson-Meadows,invoiced,USD,16780.84,1174.66,17955.5,2025-09-17T10:39:56.889496Z
694,71670,Townsend-Garcia,created,USD,0.09,0.01,0.1,2025-09-17T10:39:56.960030Z
906,10155,Gamble-Harrington,created,EUR,26165.18,5233.04,31398.22,2025-09-17T10:39:57.016429Z
800,97996,Dodson-Williams,invoiced,EUR,5374.66,1074.93,6449.59,2025-09-17T10:39:57.056120Z
6,85211,Washington LLC,paid,GBP,0.74,0.15,0.89,2025-09-17T10:39:57.105062Z
112,73077,Riley, Evans and Marshall,paid,GBP,12084.16,2416.83,14500.99,2025-09-17T10:39:57.188153Z
218,49369,Rodriguez PLC,invoiced,USD,7686.0,538.02,8224.02,2025-09-17T10:39:57.243613Z
324,87344,Moran Ltd,created,EUR,16808.57,3361.71,20170.28,2025-09-17T10:39:57.252294Z
430,45644,Taylor, Moore and Lewis,invoiced,EUR,3664.08,732.82,4396.9,2025-09-17T10:39:57.310344Z
536,35064,Patel, Grimes and Smith,created,EUR,0.51,0.1,0.61,2025-09-17T10:39:57.352561Z
695,53440,Sanchez, Atkins and Kelley,invoiced,GBP,464.0,92.8,556.8,2025-09-17T10:39:57.469585Z
801,23780,Kelly Group,paid,USD,2.16,0.15,2.31,2025-09-17T10:39:57.575257Z
213,29942,Robinson-Smith,confirmed,EUR,5.2,1.04,6.24,2025-09-17T10:39:57.580884Z
907,62798,Strong LLC,paid,USD,5446.44,381.25,5827.69,2025-09-17T10:39:57.664222Z
7,52445,Foster Inc,paid,USD,0.83,0.06,0.89,2025-09-17T10:39:57.760796Z
219,93549,Rose-Murphy,invoiced,EUR,1198.42,239.68,1438.1,2025-09-17T10:39:57.872591Z
325,82188,Elliott Ltd,created,USD,1189.16,83.24,1272.4,2025-09-17T10:39:57.907207Z
537,68224,Walker Group,created,EUR,1044.0,208.8,1252.8,2025-09-17T10:39:57.973073Z
431,48325,Middleton Inc,confirmed,USD,20775.49,1454.28,22229.77,2025-09-17T10:39:57.978931Z
590,13291,Ryan Group,created,EUR,7.41,1.48,8.89,2025-09-17T10:39:58.108953Z
696,31980,Hogan Ltd,invoiced,EUR,0.54,0.11,0.65,2025-09-17T10:39:58.161135Z
802,81912,Pierce LLC,confirmed,EUR,0.19,0.04,0.23,2025-09-17T10:39:58.165545Z
2,17412,Miller and Sons,paid,USD,0.11,0.01,0.12,2025-09-17T10:39:58.214967Z
908,94741,Richard and Sons,confirmed,EUR,2787.72,557.54,3345.26,2025-09-17T10:39:58.305585Z
114,41579,Garcia, Wade and Sanchez,confirmed,USD,29563.78,2069.46,31633.24,2025-09-17T10:39:58.407199Z
220,40540,Wright, Hill and Morales,invoiced,USD,1.46,0.1,1.56,2025-09-17T10:39:58.473625Z
432,86472,Beck, Brown and Trujillo,created,EUR,6146.0,1229.2,7375.2,2025-09-17T10:39:58.612705Z
538,45497,Williams-Ross,confirmed,GBP,3582.6,716.52,4299.12,2025-09-17T10:39:58.656817Z
591,81917,Hunter-Ramos,created,EUR,1.31,0.26,1.57,2025-09-17T10:39:58.709397Z
803,24309,Freeman Group,confirmed,EUR,0.15,0.03,0.18,2025-09-17T10:39:58.747645Z
697,27928,Brown, Mejia and Fuentes,confirmed,GBP,1.5,0.3,1.8,2025-09-17T10:39:58.763100Z
909,36995,Sanders, Briggs and Young,confirmed,GBP,0.09,0.02,0.11,2025-09-17T10:39:58.799399Z
9,70687,Brooks, Taylor and Delacruz,paid,GBP,3.76,0.75,4.51,2025-09-17T10:39:58.933701Z
115,47125,Waters PLC,paid,EUR,3.08,0.62,3.7,2025-09-17T10:39:58.957150Z
221,42173,Davis-Ramirez,confirmed,USD,40721.0,2850.47,43571.47,2025-09-17T10:39:58.992477Z
433,36100,Crawford, Williams and Montgomery,invoiced,USD,37553.18,2628.72,40181.9,2025-09-17T10:39:59.075620Z
539,48871,Potter Ltd,invoiced,USD,30363.06,2125.41,32488.47,2025-09-17T10:39:59.197647Z
592,19519,Duffy-Martin,confirmed,GBP,5229.0,1045.8,6274.8,2025-09-17T10:39:59.200285Z
698,57386,Rangel-Gonzales,created,GBP,30363.26,6072.65,36435.91,2025-09-17T10:39:59.291379Z
910,91769,Hayes, Bowman and Mendez,confirmed,USD,0.13,0.01,0.14,2025-09-17T10:39:59.359835Z
804,72767,Stevens, Mullen and Conley,invoiced,GBP,12720.28,2544.06,15264.34,2025-09-17T10:39:59.384792Z
10,84894,Patterson PLC,paid,USD,7194.44,503.61,7698.05,2025-09-17T10:39:59.455151Z
222,24142,Campbell Inc,invoiced,EUR,700.17,140.03,840.2,2025-09-17T10:39:59.546354Z
116,88617,Bowen, Smith and Lucas,created,USD,27968.24,1957.78,29926.02,2025-09-17T10:39:59.558091Z
328,94157,Mullins, Owens and Webster,created,EUR,58.0,11.6,69.6,2025-09-17T10:39:59.630427Z
540,90368,Barnett, Johnson and Flores,confirmed,GBP,3465.32,693.06,4158.38,2025-09-17T10:39:59.707579Z
434,57430,Meyer Group,created,EUR,11628.61,2325.72,13954.33,2025-09-17T10:39:59.712524Z
593,51341,Cooper-Glover,invoiced,GBP,396.0,79.2,475.2,2025-09-17T10:39:59.776023Z
699,58107,Pruitt Ltd,confirmed,EUR,4951.18,990.24,5941.42,2025-09-17T10:39:59.824441Z
805,74761,Atkinson Inc,invoiced,EUR,0.57,0.11,0.68,2025-09-17T10:39:59.865837Z
911,69935,Buck-Cline,confirmed,USD,3.53,0.25,3.78,2025-09-17T10:39:59.923267Z
11,69294,Vincent, Harrington and Hayes,created,USD,1.04,0.07,1.11,2025-09-17T10:40:00.027352Z
534,65351,Gonzalez, Black and Wright,confirmed,EUR,2.31,0.46,2.77,2025-09-17T10:40:00.033753Z
223,53529,Gonzales-Myers,paid,EUR,3.41,0.68,4.09,2025-09-17T10:40:00.181310Z
329,72362,Hunt-Walker,created,GBP,18377.0,3675.4,22052.4,2025-09-17T10:40:00.280602Z
435,35269,Tucker, Collins and Cunningham,paid,EUR,5162.84,1032.57,6195.41,2025-09-17T10:40:00.360002Z
541,57016,Mcdonald and Sons,invoiced,EUR,4.02,0.8,4.82,2025-09-17T10:40:00.423996Z
594,26484,Vega-Lee,paid,USD,27166.92,1901.68,29068.6,2025-09-17T10:40:00.452404Z
700,31786,West and Sons,invoiced,GBP,757.6,151.52,909.12,2025-09-17T10:40:00.519742Z
806,69763,Knight PLC,created,EUR,0.83,0.17,1.0,2025-09-17T10:40:00.577593Z
912,78990,Small, Collins and Castro,invoiced,USD,0.95,0.07,1.02,2025-09-17T10:40:00.607494Z
12,72202,Sandoval-Estrada,created,GBP,174.37,34.87,209.24,2025-09-17T10:40:00.660370Z
118,92825,Collins Ltd,created,USD,2786.3,195.04,2981.34,2025-09-17T10:40:00.704523Z
330,90903,Michael Group,created,EUR,14854.0,2970.8,17824.8,2025-09-17T10:40:00.815463Z
224,18360,Marshall PLC,created,USD,7363.86,515.47,7879.33,2025-09-17T10:40:00.816902Z
701,46645,Garcia-Buchanan,invoiced,GBP,4756.72,951.34,5708.06,2025-09-17T10:40:01.077911Z
589,25816,Schneider-Roberts,confirmed,EUR,2.34,0.47,2.81,2025-09-17T10:40:01.143583Z
913,22396,Woods Ltd,invoiced,USD,2397.0,167.79,2564.79,2025-09-17T10:40:01.214053Z
13,43948,Jennings-Sutton,paid,GBP,6368.0,1273.6,7641.6,2025-09-17T10:40:01.265139Z
119,47486,Rodgers PLC,invoiced,EUR,0.24,0.05,0.29,2025-09-17T10:40:01.321394Z
225,41389,Luna PLC,confirmed,GBP,6.4,1.28,7.68,2025-09-17T10:40:01.415931Z
113,14004,Dillon, Bowen and Smith,paid,GBP,9552.19,1910.44,11462.63,2025-09-17T10:40:01.496462Z
331,52089,Wright Ltd,confirmed,USD,4554.46,318.81,4873.27,2025-09-17T10:40:01.502614Z
437,79583,Garcia-Johnson,paid,GBP,5971.47,1194.29,7165.76,2025-09-17T10:40:01.598679Z
543,94141,Davis Ltd,created,USD,10194.0,713.58,10907.58,2025-09-17T10:40:01.620161Z
596,62988,Pennington and Sons,created,EUR,13583.0,2716.6,16299.6,2025-09-17T10:40:01.692103Z
702,24180,Johnson LLC,created,GBP,7960.69,1592.14,9552.83,2025-09-17T10:40:01.730391Z
808,57760,Santos-Le,confirmed,GBP,1393.08,278.62,1671.7,2025-09-17T10:40:01.782187Z
914,17592,Pratt-Yang,invoiced,EUR,5373.0,1074.6,6447.6,2025-09-17T10:40:01.844659Z
120,77493,Lopez Ltd,confirmed,USD,4977.08,348.4,5325.48,2025-09-17T10:40:01.987364Z
8,39714,Rivers-Martinez,confirmed,USD,3861.29,270.29,4131.58,2025-09-17T10:40:01.993691Z
226,73445,Gates PLC,confirmed,GBP,5970.0,1194.0,7164.0,2025-09-17T10:40:02.025208Z
332,42615,Rice, Riley and Haynes,created,GBP,23173.02,4634.6,27807.62,2025-09-17T10:40:02.090761Z
438,37270,Johnston, Grimes and Yang,invoiced,EUR,31960.0,6392.0,38352.0,2025-09-17T10:40:02.137557Z
326,23689,Parker-Ballard,invoiced,EUR,2575.04,515.01,3090.05,2025-09-17T10:40:02.183592Z
544,97231,Rodriguez-Carr,confirmed,GBP,34618.4,6923.68,41542.08,2025-09-17T10:40:02.321865Z
597,23307,Scott Inc,paid,USD,4505.0,315.35,4820.35,2025-09-17T10:40:02.369645Z
703,16570,Moore-Bonilla,invoiced,EUR,1.39,0.28,1.67,2025-09-17T10:40:02.395606Z
809,16592,Lopez-Norton,confirmed,GBP,0.9,0.18,1.08,2025-09-17T10:40:02.447160Z
15,37391,Boyd Inc,confirmed,USD,4952.56,346.68,5299.24,2025-09-17T10:40:02.560270Z
227,62305,Wood, Griffin and Allen,created,USD,99.0,6.93,105.93,2025-09-17T10:40:02.712357Z
333,82723,Gomez-Bird,paid,USD,0.18,0.01,0.19,2025-09-17T10:40:02.722878Z
439,62929,Collins-Nelson,created,USD,8358.0,585.06,8943.06,2025-09-17T10:40:02.772987Z
545,38167,Mcclain, Blackwell and Day,invoiced,EUR,23349.0,4669.8,28018.8,2025-09-17T10:40:02.865214Z
327,17714,Wallace, Oconnor and Rodgers,paid,GBP,725.0,145.0,870.0,2025-09-17T10:40:02.879639Z
704,91609,Robbins-Knight,paid,USD,9330.0,653.1,9983.1,2025-09-17T10:40:02.940259Z
810,85186,Humphrey-Martin,created,USD,3.35,0.23,3.58,2025-09-17T10:40:03.030363Z
916,99729,Blanchard, Bird and Robles,confirmed,GBP,9354.75,1870.95,11225.7,2025-09-17T10:40:03.085987Z
122,76849,Harper LLC,invoiced,GBP,27166.0,5433.2,32599.2,2025-09-17T10:40:03.125399Z
16,57385,Castillo-Butler,paid,EUR,3781.98,756.4,4538.38,2025-09-17T10:40:03.146273Z
228,96057,Berry and Sons,paid,EUR,0.33,0.07,0.4,2025-09-17T10:40:03.253299Z
334,42304,Hogan, James and Anderson,paid,USD,1287.0,90.09,1377.09,2025-09-17T10:40:03.326761Z
440,26286,Flynn LLC,paid,GBP,1.61,0.32,1.93,2025-09-17T10:40:03.346997Z
546,11857,Sanders-English,created,USD,4159.89,291.19,4451.08,2025-09-17T10:40:03.351932Z
599,14353,Martinez-Hamilton,paid,EUR,1390.93,278.19,1669.12,2025-09-17T10:40:03.479054Z
117,41470,Martin Group,invoiced,EUR,3762.0,752.4,4514.4,2025-09-17T10:40:03.618422Z
917,78539,Blankenship, Farley and Williams,paid,GBP,3995.01,799.0,4794.01,2025-09-17T10:40:03.684806Z
17,78417,Roman-Horne,created,USD,2.64,0.18,2.82,2025-09-17T10:40:03.688576Z
598,23038,Quinn, Holmes and Conley,confirmed,EUR,0.11,0.02,0.13,2025-09-17T10:40:03.777015Z
123,16863,Miller-Russell,invoiced,USD,0.48,0.03,0.51,2025-09-17T10:40:03.837535Z
229,79311,Perez PLC,invoiced,GBP,6567.29,1313.46,7880.75,2025-09-17T10:40:03.907863Z
335,28946,Ingram PLC,created,GBP,2.32,0.46,2.78,2025-09-17T10:40:03.930364Z
441,33301,Benson-Austin,confirmed,USD,31819.64,2227.37,34047.01,2025-09-17T10:40:04.036235Z
547,15944,Warner LLC,invoiced,EUR,14205.15,2841.03,17046.18,2025-09-17T10:40:04.078862Z
600,44680,Chen-Hernandez,created,USD,812.0,56.84,868.84,2025-09-17T10:40:04.161621Z
812,14106,Austin-Espinoza,paid,USD,0.98,0.07,1.05,2025-09-17T10:40:04.249652Z
918,93741,Espinoza-Thomas,invoiced,USD,42708.0,2989.56,45697.56,2025-09-17T10:40:04.287730Z
124,46412,Smith, Meza and Brown,invoiced,GBP,6967.01,1393.4,8360.41,2025-09-17T10:40:04.429671Z
436,60098,Osborne-Perez,confirmed,USD,467.6,32.73,500.33,2025-09-17T10:40:04.432379Z
542,72988,Martin and Sons,paid,GBP,0.46,0.09,0.55,2025-09-17T10:40:04.548138Z
230,31210,Bryan-Hardy,confirmed,EUR,0.01,0.0,0.01,2025-09-17T10:40:04.557756Z
336,10829,Ferguson, Lee and Weaver,paid,EUR,0.6,0.12,0.72,2025-09-17T10:40:04.608027Z
595,56613,Day-Simon,paid,USD,24521.0,1716.47,26237.47,2025-09-17T10:40:04.726326Z
442,58025,Bishop-Delacruz,confirmed,EUR,4950.53,990.11,5940.64,2025-09-17T10:40:04.729796Z
548,14428,Wagner and Sons,paid,EUR,3197.97,639.59,3837.56,2025-09-17T10:40:04.765218Z
601,35253,Bradley, Navarro and Rodriguez,confirmed,GBP,4159.35,831.87,4991.22,2025-09-17T10:40:04.803669Z
807,58176,Garcia, Martin and Lara,created,USD,8361.44,585.3,8946.74,2025-09-17T10:40:04.860378Z
707,12312,Chen, Rogers and Goodman,created,USD,1195.6,83.69,1279.29,2025-09-17T10:40:04.976671Z
919,98770,Mclaughlin, Mitchell and Castro,invoiced,EUR,0.78,0.16,0.94,2025-09-17T10:40:05.073057Z
19,98752,Glover PLC,created,GBP,12181.14,2436.23,14617.37,2025-09-17T10:40:05.107814Z
125,41824,Clayton PLC,paid,EUR,1422.23,284.45,1706.68,2025-09-17T10:40:05.127915Z
231,12856,Carson LLC,confirmed,GBP,1.1,0.22,1.32,2025-09-17T10:40:05.190146Z
337,36458,Combs-Ward,paid,USD,13555.0,948.85,14503.85,2025-09-17T10:40:05.239945Z
443,26517,Fowler LLC,invoiced,EUR,0.26,0.05,0.31,2025-09-17T10:40:05.372652Z
549,94868,Harrison Ltd,created,USD,0.74,0.05,0.79,2025-09-17T10:40:05.441943Z
708,26306,Decker, Newman and Carter,invoiced,USD,1247.0,87.29,1334.29,2025-09-17T10:40:05.473369Z
602,62596,Cook Ltd,created,EUR,0.23,0.05,0.28,2025-09-17T10:40:05.481935Z
14,24002,Park, Pearson and Bentley,created,GBP,5.14,1.03,6.17,2025-09-17T10:40:05.551324Z
814,88764,Summers and Sons,paid,GBP,7950.27,1590.05,9540.32,2025-09-17T10:40:05.627671Z
20,99948,Green Ltd,paid,USD,0.32,0.02,0.34,2025-09-17T10:40:05.710446Z
920,89398,Russell-Hernandez,invoiced,USD,2.28,0.16,2.44,2025-09-17T10:40:05.722647Z
126,85048,Lane Group,invoiced,EUR,3.28,0.66,3.94,2025-09-17T10:40:05.766963Z
232,46833,Hall Inc,created,EUR,5970.0,1194.0,7164.0,2025-09-17T10:40:05.875089Z
338,24356,Ramirez-Crawford,created,EUR,0.28,0.06,0.34,2025-09-17T10:40:05.887306Z
550,71858,Harris-Wood,paid,EUR,0.37,0.07,0.44,2025-09-17T10:40:05.997280Z
603,31600,Carroll, Griffin and Lane,confirmed,EUR,45320.0,9064.0,54384.0,2025-09-17T10:40:06.113014Z
709,80013,Adams, Wright and Jackson,created,EUR,0.32,0.06,0.38,2025-09-17T10:40:06.115537Z
815,11669,Williams-Parker,paid,USD,25494.96,1784.65,27279.61,2025-09-17T10:40:06.200431Z
915,32698,Robles-Webb,confirmed,EUR,18013.02,3602.6,21615.62,2025-09-17T10:40:06.215207Z
121,21442,Silva Group,confirmed,GBP,8158.0,1631.6,9789.6,2025-09-17T10:40:06.308995Z
921,55516,Sullivan-Munoz,created,EUR,34357.0,6871.4,41228.4,2025-09-17T10:40:06.366877Z
21,31620,Norris-Reid,created,GBP,35956.93,7191.39,43148.32,2025-09-17T10:40:06.391350Z
127,15842,Carpenter, Carson and Johnson,created,GBP,26636.0,5327.2,31963.2,2025-09-17T10:40:06.462961Z
233,99453,Thompson, Hall and Horn,paid,EUR,667.52,133.5,801.02,2025-09-17T10:40:06.496481Z
339,28512,Martinez, Johnson and Mccoy,confirmed,EUR,995.56,199.11,1194.67,2025-09-17T10:40:06.591245Z
445,82197,Wright-Long,invoiced,GBP,2.16,0.43,2.59,2025-09-17T10:40:06.604550Z
551,77129,Powers, Montoya and Smith,paid,EUR,1600.96,320.19,1921.15,2025-09-17T10:40:06.672500Z
604,18403,Pruitt LLC,created,EUR,27965.0,5593.0,33558.0,2025-09-17T10:40:06.725870Z
710,59883,Hawkins, Vazquez and Gonzales,paid,EUR,174.0,34.8,208.8,2025-09-17T10:40:06.821297Z
816,30995,Rodriguez, Jenkins and Davis,confirmed,EUR,8956.6,1791.32,10747.92,2025-09-17T10:40:06.875568Z
922,16576,Mcintosh, Bradshaw and Henry,created,GBP,2587.0,517.4,3104.4,2025-09-17T10:40:06.877381Z
128,41017,Hunt-Anderson,created,EUR,378.13,75.63,453.76,2025-09-17T10:40:06.962304Z
22,28398,Johnson Group,invoiced,USD,0.27,0.02,0.29,2025-09-17T10:40:06.973765Z
705,44004,Phillips Ltd,invoiced,USD,23345.0,1634.15,24979.15,2025-09-17T10:40:07.094887Z
234,54807,Glenn-Hodge,paid,EUR,2772.0,554.4,3326.4,2025-09-17T10:40:07.167355Z
340,62428,Davis, Rice and Marsh,confirmed,GBP,3383.37,676.67,4060.04,2025-09-17T10:40:07.197243Z
811,21935,Estes PLC,confirmed,EUR,15181.0,3036.2,18217.2,2025-09-17T10:40:07.217985Z
446,72514,Fleming, Williamson and Lewis,paid,USD,8019.0,561.33,8580.33,2025-09-17T10:40:07.276223Z
605,32573,Morse, Payne and Garcia,invoiced,USD,1598.0,111.86,1709.86,2025-09-17T10:40:07.352211Z
552,12782,Jones, Mason and Potter,confirmed,EUR,0.24,0.05,0.29,2025-09-17T10:40:07.354990Z
711,90576,Long-Coleman,paid,GBP,1.03,0.21,1.24,2025-09-17T10:40:07.468287Z
817,26714,Flores, Whitaker and King,confirmed,USD,4554.0,318.78,4872.78,2025-09-17T10:40:07.526306Z
923,72712,George PLC,paid,EUR,4673.24,934.65,5607.89,2025-09-17T10:40:07.538593Z
23,47999,Smith LLC,invoiced,EUR,3663.08,732.62,4395.7,2025-09-17T10:40:07.594578Z
129,86821,Nelson, Wilkerson and Beasley,paid,GBP,609.24,121.85,731.09,2025-09-17T10:40:07.694321Z
235,55458,Robertson, Johnson and Jones,paid,USD,1287.0,90.09,1377.09,2025-09-17T10:40:07.699577Z
706,91869,Alvarado-Moss,confirmed,EUR,34923.1,6984.62,41907.72,2025-09-17T10:40:07.804870Z
447,63873,Fox, Harper and Jenkins,paid,USD,0.57,0.04,0.61,2025-09-17T10:40:07.864961Z
18,33758,Stanley LLC,paid,EUR,7599.0,1519.8,9118.8,2025-09-17T10:40:07.981725Z
553,71845,Gibson Group,confirmed,EUR,3.4,0.68,4.08,2025-09-17T10:40:07.992324Z
606,17392,Wade-Keller,created,EUR,1.48,0.3,1.78,2025-09-17T10:40:08.076030Z
712,48209,Porter, Miller and Simmons,created,GBP,0.67,0.13,0.8,2025-09-17T10:40:08.126201Z
818,71591,Flores, Ferguson and Briggs,paid,GBP,13334.84,2666.97,16001.81,2025-09-17T10:40:08.217802Z
924,84068,Ellis-Norris,created,GBP,5139.45,1027.89,6167.34,2025-09-17T10:40:08.244157Z
24,60182,White, Murillo and Lee,paid,USD,0.8,0.06,0.86,2025-09-17T10:40:08.284186Z
130,78128,Nelson-Yang,paid,USD,894.76,62.63,957.39,2025-09-17T10:40:08.337838Z
236,98243,Simpson-Oconnor,created,GBP,0.62,0.12,0.74,2025-09-17T10:40:08.437558Z
342,25831,Silva Inc,paid,USD,4357.6,305.03,4662.63,2025-09-17T10:40:08.464402Z
448,46749,Wilson LLC,invoiced,GBP,378.11,75.62,453.73,2025-09-17T10:40:08.505658Z
554,77550,Thompson-Ward,confirmed,EUR,29564.13,5912.83,35476.96,2025-09-17T10:40:08.598141Z
813,26488,Mcbride Ltd,invoiced,EUR,0.31,0.06,0.37,2025-09-17T10:40:08.638034Z
607,20252,Anderson Inc,confirmed,GBP,145.53,29.11,174.64,2025-09-17T10:40:08.657455Z
713,61131,Mitchell, Mendoza and Powell,paid,USD,0.16,0.01,0.17,2025-09-17T10:40:08.714977Z
925,22223,Spence Ltd,paid,EUR,1.89,0.38,2.27,2025-09-17T10:40:08.807680Z
819,57694,Anderson LLC,created,USD,1683.0,117.81,1800.81,2025-09-17T10:40:08.834925Z
25,59409,Lewis LLC,created,EUR,8756.0,1751.2,10507.2,2025-09-17T10:40:08.882729Z
131,51344,Carrillo-Miller,invoiced,USD,0.23,0.02,0.25,2025-09-17T10:40:08.907029Z
237,91595,Stein-Cordova,confirmed,EUR,3.14,0.63,3.77,2025-09-17T10:40:09.009501Z
449,34967,Lee Group,confirmed,USD,9552.83,668.7,10221.53,2025-09-17T10:40:09.079473Z
343,34582,Hodges-Glass,invoiced,USD,464.15,32.49,496.64,2025-09-17T10:40:09.096987Z
555,35342,Martin-Hoffman,invoiced,USD,5373.45,376.14,5749.59,2025-09-17T10:40:09.159224Z
608,27212,Dyer, Mccarthy and Washington,invoiced,EUR,727.05,145.41,872.46,2025-09-17T10:40:09.225859Z
820,38389,Rangel-Henry,confirmed,USD,8557.74,599.04,9156.78,2025-09-17T10:40:09.311294Z
26,36575,Harris, Burke and Brown,paid,GBP,2.4,0.48,2.88,2025-09-17T10:40:09.411346Z
926,94609,Nash-Shaffer,invoiced,GBP,0.03,0.01,0.04,2025-09-17T10:40:09.419976Z
238,58644,Graham Ltd,created,GBP,0.33,0.07,0.4,2025-09-17T10:40:09.528058Z
344,59319,Garcia-Wu,confirmed,USD,8584.32,600.9,9185.22,2025-09-17T10:40:09.630243Z
444,50487,Smith-Washington,confirmed,EUR,667.0,133.4,800.4,2025-09-17T10:40:09.682779Z
450,22627,Arroyo-Roberson,invoiced,USD,697.74,48.84,746.58,2025-09-17T10:40:09.714378Z
556,71967,Lutz PLC,paid,USD,2939.1,205.74,3144.84,2025-09-17T10:40:09.753025Z
609,92562,Parker, Thompson and Holland,confirmed,EUR,8557.21,1711.44,10268.65,2025-09-17T10:40:09.852755Z
715,77260,Hernandez and Sons,invoiced,EUR,2397.0,479.4,2876.4,2025-09-17T10:40:09.871825Z
821,84749,Riggs, Torres and Ward,confirmed,GBP,2625.28,525.06,3150.34,2025-09-17T10:40:09.949158Z
27,94999,Miles-Krueger,confirmed,EUR,1.14,0.23,1.37,2025-09-17T10:40:10.076223Z
133,74727,Olson-Mack,created,USD,2587.0,181.09,2768.09,2025-09-17T10:40:10.118685Z
345,47375,Martin Group,created,USD,2.4,0.17,2.57,2025-09-17T10:40:10.211611Z
451,15295,Anderson, Navarro and Williams,invoiced,GBP,1.44,0.29,1.73,2025-09-17T10:40:10.294849Z
557,13232,Garcia, Grant and Schroeder,created,GBP,6369.73,1273.95,7643.68,2025-09-17T10:40:10.365490Z
716,31440,Harmon-Wright,invoiced,GBP,4061.93,812.39,4874.32,2025-09-17T10:40:10.409094Z
610,68303,Parker-Ewing,created,GBP,13608.0,2721.6,16329.6,2025-09-17T10:40:10.433791Z
822,24910,Morris-Chandler,paid,USD,397.12,27.8,424.92,2025-09-17T10:40:10.507579Z
928,50051,Ryan-Frank,confirmed,EUR,1.91,0.38,2.29,2025-09-17T10:40:10.590618Z
134,73454,Gonzalez, Riggs and Bartlett,created,USD,2.02,0.14,2.16,2025-09-17T10:40:10.646770Z
240,90793,Johnson LLC,confirmed,EUR,999.15,199.83,1198.98,2025-09-17T10:40:10.686842Z
346,83401,Franklin PLC,invoiced,EUR,0.98,0.2,1.18,2025-09-17T10:40:10.821055Z
452,54730,Douglas-Newton,paid,EUR,0.7,0.14,0.84,2025-09-17T10:40:10.840990Z
558,60674,Gardner-Stone,invoiced,EUR,28764.31,5752.86,34517.17,2025-09-17T10:40:10.857038Z
717,41216,Hernandez, Carrillo and Perez,confirmed,USD,198.0,13.86,211.86,2025-09-17T10:40:11.017854Z
823,54087,Harrell, Martin and Davis,created,GBP,1980.0,396.0,2376.0,2025-09-17T10:40:11.049729Z
929,35340,Jones, Floyd and Jacobson,paid,GBP,3453.0,690.6,4143.6,2025-09-17T10:40:11.132657Z
29,81843,Reed PLC,invoiced,EUR,1685.21,337.04,2022.25,2025-09-17T10:40:11.217954Z
241,79960,Gomez Ltd,invoiced,GBP,0.8,0.16,0.96,2025-09-17T10:40:11.274453Z
135,97757,Garrett-Aguilar,created,GBP,2985.0,597.0,3582.0,2025-09-17T10:40:11.280600Z
347,55907,Harrison, Oneal and Simpson,created,GBP,40517.0,8103.4,48620.4,2025-09-17T10:40:11.329184Z
453,41075,Ferguson-Wade,invoiced,USD,0.86,0.06,0.92,2025-09-17T10:40:11.424768Z
559,12034,Mckee, Salinas and Riddle,confirmed,GBP,15181.0,3036.2,18217.2,2025-09-17T10:40:11.498371Z
341,86324,Bradley-Hernandez,invoiced,EUR,0.44,0.09,0.53,2025-09-17T10:40:11.505855Z
612,39506,Ayala PLC,invoiced,USD,1.13,0.08,1.21,2025-09-17T10:40:11.599274Z
718,44113,Walker, Washington and Anderson,confirmed,USD,1089.0,76.23,1165.23,2025-09-17T10:40:11.649677Z
824,94523,Gardner Inc,confirmed,EUR,6260.0,1252.0,7512.0,2025-09-17T10:40:11.697258Z
930,78121,Ruiz PLC,invoiced,GBP,1089.98,218.0,1307.98,2025-09-17T10:40:11.771930Z
30,80658,Carr-Howell,paid,USD,6.03,0.42,6.45,2025-09-17T10:40:11.779933Z
136,85460,Rice-Hamilton,invoiced,GBP,398.39,79.68,478.07,2025-09-17T10:40:11.883827Z
242,53955,Crawford PLC,invoiced,GBP,39338.39,7867.68,47206.07,2025-09-17T10:40:11.906784Z
348,51748,Clark Group,confirmed,GBP,1131.69,226.34,1358.03,2025-09-17T10:40:11.986249Z
454,49732,Burgess, Pearson and Nguyen,confirmed,GBP,1.55,0.31,1.86,2025-09-17T10:40:12.002228Z
613,46338,French PLC,confirmed,GBP,1160.0,232.0,1392.0,2025-09-17T10:40:12.108314Z
719,46227,Rodriguez, White and Campbell,confirmed,GBP,0.6,0.12,0.72,2025-09-17T10:40:12.151818Z
825,45451,Rowland, Carter and Lloyd,invoiced,GBP,15181.0,3036.2,18217.2,2025-09-17T10:40:12.217556Z
931,65572,Cohen-Duncan,invoiced,EUR,20062.34,4012.47,24074.81,2025-09-17T10:40:12.255697Z
31,11609,Rodriguez-Long,confirmed,GBP,783.0,156.6,939.6,2025-09-17T10:40:12.300310Z
137,19485,Ortiz and Sons,invoiced,EUR,3.76,0.75,4.51,2025-09-17T10:40:12.372841Z
243,78901,Coleman-Hayes,confirmed,USD,14926.31,1044.84,15971.15,2025-09-17T10:40:12.430961Z
349,63714,Patterson, Mcgee and Elliott,confirmed,USD,2475.0,173.25,2648.25,2025-09-17T10:40:12.501281Z
455,13281,Foley-Serrano,paid,EUR,0.67,0.13,0.8,2025-09-17T10:40:12.583797Z
561,87669,Gonzalez, Castro and Gonzalez,created,GBP,986.0,197.2,1183.2,2025-09-17T10:40:12.594923Z
614,43272,Morrison and Sons,paid,EUR,1178.4,235.68,1414.08,2025-09-17T10:40:12.639528Z
720,30372,Adkins Group,paid,GBP,4356.85,871.37,5228.22,2025-09-17T10:40:12.687612Z
826,82522,King, Kelly and Thomas,paid,EUR,27166.0,5433.2,32599.2,2025-09-17T10:40:12.750838Z
932,77728,Callahan Ltd,invoiced,GBP,2787.35,557.47,3344.82,2025-09-17T10:40:12.863258Z
714,25347,Lynn Inc,created,USD,1450.0,101.5,1551.5,2025-09-17T10:40:12.923751Z
32,20147,Thomas Ltd,paid,EUR,794.38,158.88,953.26,2025-09-17T10:40:12.966099Z
138,35354,Cole-Wolfe,invoiced,USD,0.59,0.04,0.63,2025-09-17T10:40:13.059089Z
350,57567,Morales Ltd,confirmed,EUR,0.23,0.05,0.28,2025-09-17T10:40:13.089985Z
244,99140,Reyes-Riley,created,GBP,20774.0,4154.8,24928.8,2025-09-17T10:40:13.092238Z
132,64057,Russell and Sons,paid,GBP,4874.3,974.86,5849.16,2025-09-17T10:40:13.145240Z
456,68905,Graham-Bauer,paid,USD,1016.94,71.19,1088.13,2025-09-17T10:40:13.185292Z
562,58451,Melton, Khan and Wilson,invoiced,EUR,1239.0,247.8,1486.8,2025-09-17T10:40:13.241375Z
615,40287,Jones-Douglas,confirmed,EUR,1089.0,217.8,1306.8,2025-09-17T10:40:13.327243Z
721,30103,Gutierrez, Hodges and Cooper,paid,GBP,1131.0,226.2,1357.2,2025-09-17T10:40:13.401089Z
827,56780,Freeman-Williams,created,USD,6169.0,431.83,6600.83,2025-09-17T10:40:13.480580Z
927,93292,Miller Inc,confirmed,GBP,297.0,59.4,356.4,2025-09-17T10:40:13.548562Z
933,79356,Thompson, Shaw and Stanley,confirmed,GBP,9354.15,1870.83,11224.98,2025-09-17T10:40:13.551418Z
139,10197,Jensen, Franklin and Walter,invoiced,USD,3465.0,242.55,3707.55,2025-09-17T10:40:13.629263Z
33,84754,Chen LLC,created,EUR,1.42,0.28,1.7,2025-09-17T10:40:13.658107Z
239,25560,Carey and Sons,created,EUR,4378.0,875.6,5253.6,2025-09-17T10:40:13.818759Z
351,89968,Reed, Chandler and Flores,invoiced,USD,1592.24,111.46,1703.7,2025-09-17T10:40:13.863336Z
457,33936,Arnold-Stevens,created,GBP,3664.22,732.84,4397.06,2025-09-17T10:40:13.900323Z
563,78418,Booth, Turner and Smith,invoiced,GBP,1075.58,215.12,1290.7,2025-09-17T10:40:13.980694Z
616,13497,West, Montoya and White,confirmed,GBP,23970.0,4794.0,28764.0,2025-09-17T10:40:14.018949Z
722,90006,Hernandez, Torres and Patel,paid,EUR,8756.0,1751.2,10507.2,2025-09-17T10:40:14.091542Z
934,70478,Smith Inc,invoiced,GBP,24769.24,4953.85,29723.09,2025-09-17T10:40:14.141444Z
34,79328,Willis-Bridges,confirmed,USD,2175.46,152.28,2327.74,2025-09-17T10:40:14.190216Z
28,24805,Anderson, Harper and Thompson,confirmed,USD,1189.53,83.27,1272.8,2025-09-17T10:40:14.258456Z
140,22453,Adams PLC,confirmed,USD,46877.0,3281.39,50158.39,2025-09-17T10:40:14.322082Z
246,17899,Hughes, Kelly and Simon,confirmed,EUR,0.74,0.15,0.89,2025-09-17T10:40:14.413916Z
352,47270,Harmon Ltd,invoiced,EUR,30362.0,6072.4,36434.4,2025-09-17T10:40:14.422587Z
458,19342,Schmidt, Jones and Joyce,invoiced,GBP,1888.12,377.62,2265.74,2025-09-17T10:40:14.539032Z
564,48184,Haynes Inc,paid,EUR,0.37,0.07,0.44,2025-09-17T10:40:14.545955Z
617,72079,Salas-Flores,confirmed,GBP,0.48,0.1,0.58,2025-09-17T10:40:14.637345Z
611,81255,Soto-Ashley,invoiced,USD,1306.8,91.48,1398.28,2025-09-17T10:40:14.649924Z
723,81119,Harris and Sons,invoiced,EUR,0.33,0.07,0.4,2025-09-17T10:40:14.752584Z
829,37032,Ruiz-Lee,invoiced,EUR,696.0,139.2,835.2,2025-09-17T10:40:14.798264Z
935,99870,Chavez, Williams and Jackson,confirmed,EUR,5948.19,1189.64,7137.83,2025-09-17T10:40:14.825531Z
35,81918,Christensen-Burgess,paid,USD,0.15,0.01,0.16,2025-09-17T10:40:14.876547Z
247,70064,Smith-Grimes,invoiced,EUR,5273.92,1054.78,6328.7,2025-09-17T10:40:14.968179Z
141,77806,Carpenter Group,created,GBP,21576.28,4315.26,25891.54,2025-09-17T10:40:14.996634Z
353,22786,Bennett Ltd,paid,GBP,3.75,0.75,4.5,2025-09-17T10:40:15.015577Z
459,95081,Hernandez, Abbott and Smith,invoiced,USD,23365.93,1635.62,25001.55,2025-09-17T10:40:15.149699Z
565,93162,Lang-Downs,confirmed,GBP,8789.0,1757.8,10546.8,2025-09-17T10:40:15.226444Z
724,48074,Love Ltd,paid,USD,0.33,0.02,0.35,2025-09-17T10:40:15.289231Z
830,23855,Gill, Hill and Meyers,confirmed,GBP,9116.0,1823.2,10939.2,2025-09-17T10:40:15.389607Z
936,30288,Frederick-Johnson,created,USD,17430.0,1220.1,18650.1,2025-09-17T10:40:15.412022Z
36,53083,Bird LLC,created,GBP,34358.68,6871.74,41230.42,2025-09-17T10:40:15.487045Z
142,86361,Frazier, Tucker and Tucker,created,GBP,1334.0,266.8,1600.8,2025-09-17T10:40:15.501731Z
460,49089,Avila, Francis and Sanders,created,GBP,4976.11,995.22,5971.33,2025-09-17T10:40:15.642849Z
354,38033,Miller Inc,paid,USD,4.0,0.28,4.28,2025-09-17T10:40:15.644374Z
560,93682,Alvarez Group,invoiced,USD,1.83,0.13,1.96,2025-09-17T10:40:15.695106Z
566,73644,Dorsey, Parker and Travis,created,EUR,3960.83,792.17,4753.0,2025-09-17T10:40:15.817517Z
619,76690,Singh Group,paid,USD,3069.0,214.83,3283.83,2025-09-17T10:40:15.843181Z
725,21207,Williams-Spencer,created,EUR,9141.0,1828.2,10969.2,2025-09-17T10:40:15.854961Z
937,80349,Welch PLC,paid,EUR,4570.04,914.01,5484.05,2025-09-17T10:40:15.967303Z
831,30627,Lozano-Chen,invoiced,GBP,36130.0,7226.0,43356.0,2025-09-17T10:40:15.970512Z
37,99391,Davis, Williamson and Wilkinson,invoiced,USD,0.87,0.06,0.93,2025-09-17T10:40:16.034272Z
143,34107,Smith and Sons,paid,EUR,19072.48,3814.5,22886.98,2025-09-17T10:40:16.130552Z
249,45532,Gates, Ramirez and Harper,invoiced,USD,6732.0,471.24,7203.24,2025-09-17T10:40:16.147342Z
355,30861,Jensen LLC,confirmed,USD,1044.02,73.08,1117.1,2025-09-17T10:40:16.264754Z
461,51016,Hart PLC,paid,USD,1686.2,118.03,1804.23,2025-09-17T10:40:16.271540Z
567,28644,Alvarez-Boyer,paid,GBP,11189.0,2237.8,13426.8,2025-09-17T10:40:16.312746Z
620,39283,Romero-Franklin,created,GBP,12155.35,2431.07,14586.42,2025-09-17T10:40:16.397926Z
726,44515,Mullen-Ortiz,paid,USD,1983.59,138.85,2122.44,2025-09-17T10:40:16.460975Z
832,95506,Rogers, Hart and Perez,confirmed,EUR,9950.07,1990.01,11940.08,2025-09-17T10:40:16.503928Z
938,68860,Wood-Maldonado,confirmed,USD,1.72,0.12,1.84,2025-09-17T10:40:16.576363Z
38,93817,Patterson-Ramsey,confirmed,GBP,1.36,0.27,1.63,2025-09-17T10:40:16.626335Z
144,68755,Gibson Ltd,paid,USD,64585.0,4520.95,69105.95,2025-09-17T10:40:16.652035Z
568,23370,Medina Group,created,GBP,0.05,0.01,0.06,2025-09-17T10:40:16.891559Z
621,51195,Hanson, Howard and Pitts,paid,GBP,1.52,0.3,1.82,2025-09-17T10:40:16.976816Z
727,79196,Stone Ltd,invoiced,USD,37555.0,2628.85,40183.85,2025-09-17T10:40:17.009650Z
833,84334,Roberts, Ray and Rodriguez,invoiced,GBP,495.0,99.0,594.0,2025-09-17T10:40:17.064461Z
939,22775,Robinson LLC,confirmed,EUR,5849.0,1169.8,7018.8,2025-09-17T10:40:17.157688Z
39,37505,Cruz-Lee,created,GBP,1.23,0.25,1.48,2025-09-17T10:40:17.182303Z
145,65412,Smith, Johnson and Flores,paid,USD,0.09,0.01,0.1,2025-09-17T10:40:17.241473Z
251,68298,Reyes, Lane and Bryant,confirmed,USD,1334.0,93.38,1427.38,2025-09-17T10:40:17.270281Z
357,34122,Boyle-Brown,paid,USD,2083.28,145.83,2229.11,2025-09-17T10:40:17.313618Z
463,36722,Spencer-Duran,created,GBP,958.68,191.74,1150.42,2025-09-17T10:40:17.402986Z
569,91155,Brown, Brown and Baker,paid,EUR,2079.28,415.86,2495.14,2025-09-17T10:40:17.481319Z
245,26491,Ruiz-Hayes,paid,USD,38836.0,2718.52,41554.52,2025-09-17T10:40:17.494962Z
622,48745,Pollard Group,paid,GBP,1.94,0.39,2.33,2025-09-17T10:40:17.585884Z
728,15323,Foley-Dawson,invoiced,USD,262.65,18.39,281.04,2025-09-17T10:40:17.616964Z
834,48719,Walker and Sons,paid,USD,3783.52,264.85,4048.37,2025-09-17T10:40:17.703504Z
40,70110,Humphrey, Johnson and Campbell,invoiced,EUR,1.68,0.34,2.02,2025-09-17T10:40:17.737381Z
828,36060,Cummings and Sons,paid,USD,796.57,55.76,852.33,2025-09-17T10:40:17.822749Z
146,27476,Hanson Inc,created,USD,19595.0,1371.65,20966.65,2025-09-17T10:40:17.938545Z
252,91512,Huber LLC,invoiced,GBP,1.15,0.23,1.38,2025-09-17T10:40:17.957216Z
358,41411,Myers LLC,invoiced,GBP,16779.0,3355.8,20134.8,2025-09-17T10:40:17.959814Z
464,45641,Kelley PLC,confirmed,USD,4977.05,348.39,5325.44,2025-09-17T10:40:18.081805Z
623,15930,Jackson-Brown,confirmed,USD,36754.0,2572.78,39326.78,2025-09-17T10:40:18.130691Z
729,52896,Lane-Davis,created,USD,3267.07,228.69,3495.76,2025-09-17T10:40:18.245619Z
835,90876,Bean, Walton and Haynes,paid,GBP,8756.0,1751.2,10507.2,2025-09-17T10:40:18.265847Z
941,56901,Patel, Rodgers and Fleming,created,GBP,2189.8,437.96,2627.76,2025-09-17T10:40:18.298563Z
41,59941,Hall-Martin,created,USD,4752.07,332.64,5084.71,2025-09-17T10:40:18.387761Z
253,80542,James, Glenn and Delgado,confirmed,GBP,799.0,159.8,958.8,2025-09-17T10:40:18.477551Z
147,89330,Hernandez, Duffy and Gonzales,invoiced,EUR,2388.0,477.6,2865.6,2025-09-17T10:40:18.488055Z
359,22195,Powell, Henry and Elliott,created,EUR,2.0,0.4,2.4,2025-09-17T10:40:18.525970Z
571,30002,Delacruz-Montgomery,paid,USD,1488.12,104.17,1592.29,2025-09-17T10:40:18.669460Z
624,34798,Sanchez LLC,paid,GBP,4574.0,914.8,5488.8,2025-09-17T10:40:18.737923Z
730,49749,Williamson PLC,invoiced,GBP,1.5,0.3,1.8,2025-09-17T10:40:18.829260Z
618,70260,Vance, Alexander and Edwards,created,GBP,899.0,179.8,1078.8,2025-09-17T10:40:18.853953Z
836,63442,Hansen Ltd,created,USD,2189.0,153.23,2342.23,2025-09-17T10:40:18.887804Z
942,61775,Dalton Ltd,paid,USD,116.0,8.12,124.12,2025-09-17T10:40:18.922285Z
42,93810,Johnson LLC,confirmed,GBP,17578.9,3515.78,21094.68,2025-09-17T10:40:18.973584Z
148,62887,Fields, Cordova and Williams,invoiced,EUR,469.36,93.87,563.23,2025-09-17T10:40:19.079230Z
254,59126,King, Stanley and Robinson,created,GBP,3.02,0.6,3.62,2025-09-17T10:40:19.089776Z
466,16921,Carter and Sons,invoiced,GBP,32761.72,6552.34,39314.06,2025-09-17T10:40:19.218455Z
360,40225,Sanchez-Stanley,paid,USD,800.19,56.01,856.2,2025-09-17T10:40:19.221460Z
572,37953,Stark-Hill,invoiced,USD,0.67,0.05,0.72,2025-09-17T10:40:19.281523Z
248,64518,Howe, Woods and Harris,invoiced,EUR,18924.0,3784.8,22708.8,2025-09-17T10:40:19.348629Z
731,19096,Herrera, Olsen and Garcia,confirmed,EUR,1.32,0.26,1.58,2025-09-17T10:40:19.427558Z
625,63591,George-Velazquez,confirmed,USD,39209.0,2744.63,41953.63,2025-09-17T10:40:19.430380Z
837,82819,Wallace-Aguirre,invoiced,EUR,0.78,0.16,0.94,2025-09-17T10:40:19.565667Z
43,15053,Horton-Thomas,paid,USD,31161.09,2181.28,33342.37,2025-09-17T10:40:19.632307Z
149,19320,King and Sons,paid,USD,31961.35,2237.29,34198.64,2025-09-17T10:40:19.648252Z
255,17248,Davidson-Pope,paid,EUR,40588.46,8117.69,48706.15,2025-09-17T10:40:19.732172Z
361,90661,Curry Group,confirmed,EUR,3.99,0.8,4.79,2025-09-17T10:40:19.763528Z
467,43092,Powell-Johnson,paid,EUR,36323.0,7264.6,43587.6,2025-09-17T10:40:19.824524Z
626,57903,Walker Ltd,confirmed,EUR,1884.6,376.92,2261.52,2025-09-17T10:40:19.999099Z
732,96803,Gates Ltd,invoiced,EUR,2673.0,534.6,3207.6,2025-09-17T10:40:20.017890Z
838,76592,Morris, Bush and Grimes,confirmed,GBP,0.97,0.19,1.16,2025-09-17T10:40:20.046140Z
944,11542,Ellison-Medina,created,USD,6368.0,445.76,6813.76,2025-09-17T10:40:20.159792Z
44,63547,Weaver, Atkins and Thompson,created,EUR,28517.28,5703.46,34220.74,2025-09-17T10:40:20.169525Z
150,52777,Lopez-Torres,confirmed,GBP,40312.72,8062.54,48375.26,2025-09-17T10:40:20.209823Z
362,78755,Bishop, Diaz and Sanchez,created,USD,9751.66,682.62,10434.28,2025-09-17T10:40:20.295231Z
256,74074,Reynolds-Brooks,confirmed,GBP,1.15,0.23,1.38,2025-09-17T10:40:20.301360Z
356,95184,Ruiz LLC,invoiced,USD,1.76,0.12,1.88,2025-09-17T10:40:20.442603Z
468,36863,Brown-Davis,paid,GBP,4575.05,915.01,5490.06,2025-09-17T10:40:20.458758Z
462,87683,Jones, Cervantes and Hughes,paid,EUR,551.69,110.34,662.03,2025-09-17T10:40:20.518788Z
733,64643,Hayes, Saunders and Hernandez,created,EUR,20922.52,4184.5,25107.02,2025-09-17T10:40:20.699180Z
839,91070,Combs Ltd,confirmed,GBP,7166.05,1433.21,8599.26,2025-09-17T10:40:20.738131Z
945,67064,Wolfe-Hogan,paid,EUR,2182.88,436.58,2619.46,2025-09-17T10:40:20.753559Z
45,45635,Freeman-Miller,created,USD,18378.58,1286.5,19665.08,2025-09-17T10:40:20.816532Z
151,63689,Chen, Harris and Mcpherson,paid,GBP,78302.0,15660.4,93962.4,2025-09-17T10:40:20.935271Z
469,44804,Wade-Butler,invoiced,GBP,30743.56,6148.71,36892.27,2025-09-17T10:40:21.040752Z
628,62088,Pierce Ltd,invoiced,USD,1247.98,87.36,1335.34,2025-09-17T10:40:21.123424Z
734,99142,French-Pennington,confirmed,GBP,0.94,0.19,1.13,2025-09-17T10:40:21.172048Z
946,14410,Wong, Dickson and Burns,invoiced,EUR,2.91,0.58,3.49,2025-09-17T10:40:21.263158Z
840,37178,Bryant-Charles,invoiced,GBP,45721.0,9144.2,54865.2,2025-09-17T10:40:21.266183Z
46,20011,Williams-Matthews,created,USD,11975.0,838.25,12813.25,2025-09-17T10:40:21.367723Z
940,57019,Smith-Sandoval,invoiced,EUR,3781.37,756.27,4537.64,2025-09-17T10:40:21.381263Z
152,61308,Thomas, Bonilla and Yates,confirmed,GBP,0.25,0.05,0.3,2025-09-17T10:40:21.406335Z
258,95676,Moore PLC,created,EUR,44918.0,8983.6,53901.6,2025-09-17T10:40:21.540736Z
364,10327,Jimenez Inc,confirmed,GBP,10364.08,2072.82,12436.9,2025-09-17T10:40:21.587328Z
470,15409,Reed, Anderson and Nolan,invoiced,EUR,0.24,0.05,0.29,2025-09-17T10:40:21.635047Z
735,65805,Johnson Group,created,USD,1857.48,130.02,1987.5,2025-09-17T10:40:21.686638Z
629,17075,Burns-Frost,invoiced,USD,1334.0,93.38,1427.38,2025-09-17T10:40:21.688051Z
570,19993,Smith Inc,paid,USD,4158.66,291.11,4449.77,2025-09-17T10:40:21.806558Z
841,85718,Horton, George and Lewis,confirmed,EUR,36146.19,7229.24,43375.43,2025-09-17T10:40:21.817318Z
947,36084,Hill, Kelly and Rodriguez,confirmed,USD,21354.15,1494.79,22848.94,2025-09-17T10:40:21.879278Z
47,56117,Jordan Group,paid,EUR,11987.16,2397.43,14384.59,2025-09-17T10:40:21.910313Z
153,74292,Johnson Ltd,paid,GBP,32762.44,6552.49,39314.93,2025-09-17T10:40:22.004552Z
259,15185,Davis, Carlson and Snyder,created,USD,0.57,0.04,0.61,2025-09-17T10:40:22.093855Z
365,98687,Bradshaw-Hines,created,USD,40572.41,2840.07,43412.48,2025-09-17T10:40:22.150375Z
471,98857,Rios Ltd,invoiced,USD,3582.55,250.78,3833.33,2025-09-17T10:40:22.218042Z
630,69668,Middleton Inc,created,EUR,38353.14,7670.63,46023.77,2025-09-17T10:40:22.230986Z
465,35123,Brown Ltd,invoiced,GBP,13363.2,2672.64,16035.84,2025-09-17T10:40:22.292650Z
736,43160,Jones Group,created,USD,8482.57,593.78,9076.35,2025-09-17T10:40:22.309272Z
948,78405,Townsend-Johnson,confirmed,GBP,0.08,0.02,0.1,2025-09-17T10:40:22.423135Z
48,81848,Anderson-Dawson,confirmed,GBP,7191.0,1438.2,8629.2,2025-09-17T10:40:22.523290Z
260,37613,Hurley PLC,paid,USD,1827.06,127.89,1954.95,2025-09-17T10:40:22.609370Z
154,36626,Tucker-Clark,created,GBP,2468.44,493.69,2962.13,2025-09-17T10:40:22.612007Z
366,19034,Sharp-Martinez,paid,EUR,0.34,0.07,0.41,2025-09-17T10:40:22.670251Z
472,30264,Mcneil Group,invoiced,USD,0.39,0.03,0.42,2025-09-17T10:40:22.728687Z
737,10364,Lopez, Lopez and Lee,confirmed,EUR,1093.36,218.67,1312.03,2025-09-17T10:40:22.843836Z
949,54065,Richardson, Weiss and Adams,created,USD,5572.24,390.06,5962.3,2025-09-17T10:40:22.910043Z
843,97214,Meyer, Padilla and Warner,confirmed,GBP,29.0,5.8,34.8,2025-09-17T10:40:22.926561Z
49,18766,Gutierrez-Rodriguez,confirmed,GBP,20739.0,4147.8,24886.8,2025-09-17T10:40:23.023439Z
155,86137,Ryan, English and Bird,created,GBP,6767.12,1353.42,8120.54,2025-09-17T10:40:23.050987Z
261,66804,Thompson Inc,paid,EUR,1486.93,297.39,1784.32,2025-09-17T10:40:23.164171Z
367,14523,Holt, Freeman and Mccullough,created,EUR,2179.92,435.98,2615.9,2025-09-17T10:40:23.183248Z
473,54083,Brown-Watson,created,USD,12784.03,894.88,13678.91,2025-09-17T10:40:23.259230Z
632,58125,Arroyo Inc,invoiced,USD,2079.0,145.53,2224.53,2025-09-17T10:40:23.315385Z
738,31468,Scott and Sons,created,EUR,0.27,0.05,0.32,2025-09-17T10:40:23.410497Z
573,95317,Bender-Brown,created,GBP,9753.01,1950.6,11703.61,2025-09-17T10:40:23.473508Z
844,94554,Mills, Osborn and Rodriguez,invoiced,EUR,35156.35,7031.27,42187.62,2025-09-17T10:40:23.485930Z
950,37813,Steele Group,confirmed,EUR,5572.0,1114.4,6686.4,2025-09-17T10:40:23.534036Z
50,75213,Diaz-Macdonald,invoiced,EUR,5.16,1.03,6.19,2025-09-17T10:40:23.575562Z
156,73934,Small-Wright,created,USD,0.32,0.02,0.34,2025-09-17T10:40:23.717472Z
262,51051,Ortiz, Cooper and Allison,created,GBP,1.2,0.24,1.44,2025-09-17T10:40:23.725592Z
368,72485,Williams, Gonzalez and Fischer,invoiced,USD,3763.09,263.42,4026.51,2025-09-17T10:40:23.804409Z
474,19125,Russell and Sons,confirmed,EUR,3501.28,700.26,4201.54,2025-09-17T10:40:23.812572Z
633,15828,Mooney-Monroe,invoiced,EUR,0.37,0.07,0.44,2025-09-17T10:40:23.884988Z
739,35534,Holt, Mendoza and Lopez,created,USD,291.12,20.38,311.5,2025-09-17T10:40:23.932194Z
845,17346,Wong-Schmidt,confirmed,GBP,39151.0,7830.2,46981.2,2025-09-17T10:40:24.002656Z
250,60797,Fitzpatrick-Hart,created,EUR,17580.33,3516.07,21096.4,2025-09-17T10:40:24.018063Z
51,41918,Tran, Sanchez and Chaney,confirmed,EUR,23171.0,4634.2,27805.2,2025-09-17T10:40:24.142709Z
951,33260,Carson-Scott,invoiced,USD,5574.07,390.18,5964.25,2025-09-17T10:40:24.147669Z
157,90169,Walker-Smith,invoiced,GBP,551.0,110.2,661.2,2025-09-17T10:40:24.260064Z
263,66027,Munoz-Waters,confirmed,USD,10387.0,727.09,11114.09,2025-09-17T10:40:24.357847Z
369,58022,Fry-Allen,invoiced,EUR,2574.94,514.99,3089.93,2025-09-17T10:40:24.403899Z
475,18497,Lara PLC,invoiced,GBP,891.0,178.2,1069.2,2025-09-17T10:40:24.423168Z
634,26742,Banks Inc,created,USD,1798.0,125.86,1923.86,2025-09-17T10:40:24.524393Z
268,80046,Flores, Harrington and Kirby,paid,USD,6379.84,446.59,6826.43,2025-09-17T10:40:24.532562Z
740,85342,Wilkinson LLC,invoiced,GBP,0.15,0.03,0.18,2025-09-17T10:40:24.616563Z
846,23410,Freeman and Sons,paid,USD,13731.0,961.17,14692.17,2025-09-17T10:40:24.635241Z
952,25003,Williams, Lopez and Martin,invoiced,EUR,26715.0,5343.0,32058.0,2025-09-17T10:40:24.757467Z
257,51558,Garcia-Schmidt,confirmed,USD,2.54,0.18,2.72,2025-09-17T10:40:24.776037Z
52,45168,Beard PLC,paid,EUR,4778.56,955.71,5734.27,2025-09-17T10:40:24.910410Z
158,99686,Michael Inc,created,USD,19445.0,1361.15,20806.15,2025-09-17T10:40:24.954536Z
264,91512,Carter, Lee and Jackson,paid,GBP,2587.0,517.4,3104.4,2025-09-17T10:40:24.975181Z
370,26287,Greer, Carrillo and Vargas,invoiced,USD,291.88,20.43,312.31,2025-09-17T10:40:25.034918Z
476,75268,Vargas, Maynard and Larson,confirmed,USD,2.24,0.16,2.4,2025-09-17T10:40:25.151934Z
741,38945,Hardy, Smith and Fisher,invoiced,EUR,1.06,0.21,1.27,2025-09-17T10:40:25.198137Z
635,55298,Strickland-Matthews,invoiced,EUR,1722.9,344.58,2067.48,2025-09-17T10:40:25.203684Z
953,10532,Hughes LLC,invoiced,GBP,27427.0,5485.4,32912.4,2025-09-17T10:40:25.382476Z
265,61411,Calderon-Webb,confirmed,EUR,1.76,0.35,2.11,2025-09-17T10:40:25.458313Z
159,61710,Chambers and Sons,invoiced,USD,6965.14,487.56,7452.7,2025-09-17T10:40:25.463085Z
371,50722,Perry, Carr and Schmitt,created,EUR,1.1,0.22,1.32,2025-09-17T10:40:25.579330Z
477,90828,Villanueva-Turner,paid,EUR,18378.54,3675.71,22054.25,2025-09-17T10:40:25.620007Z
742,64408,Taylor-Aguilar,confirmed,GBP,15980.07,3196.01,19176.08,2025-09-17T10:40:25.714657Z
848,68313,Brock-Buck,confirmed,USD,7566.0,529.62,8095.62,2025-09-17T10:40:25.752376Z
954,32665,Brown, Dickerson and Graves,created,EUR,3465.2,693.04,4158.24,2025-09-17T10:40:25.882761Z
54,28019,Hawkins-Webb,confirmed,USD,0.57,0.04,0.61,2025-09-17T10:40:25.918651Z
160,26061,Cooper, Thompson and Matthews,confirmed,GBP,36756.16,7351.23,44107.39,2025-09-17T10:40:25.945923Z
266,19148,Maldonado, Garcia and Rojas,confirmed,EUR,8791.15,1758.23,10549.38,2025-09-17T10:40:25.998815Z
842,18716,Thompson-Miller,paid,EUR,7085.0,1417.0,8502.0,2025-09-17T10:40:26.083837Z
478,52840,Wilson Inc,paid,USD,398.69,27.91,426.6,2025-09-17T10:40:26.141526Z
372,25363,Zavala, Mcgee and Allen,confirmed,USD,0.69,0.05,0.74,2025-09-17T10:40:26.149907Z
637,74363,Adams and Sons,created,USD,0.41,0.03,0.44,2025-09-17T10:40:26.280233Z
849,10390,Brown, Guerrero and Frye,invoiced,EUR,812.94,162.59,975.53,2025-09-17T10:40:26.325011Z
743,47229,Proctor, Johnson and Coleman,created,EUR,1.68,0.34,2.02,2025-09-17T10:40:26.337149Z
955,97138,Gibson-Gilbert,paid,USD,407.6,28.53,436.13,2025-09-17T10:40:26.411123Z
631,47120,Bradford-Thompson,created,EUR,17578.23,3515.65,21093.88,2025-09-17T10:40:26.471647Z
55,21841,Hernandez Ltd,confirmed,USD,5.46,0.38,5.84,2025-09-17T10:40:26.500157Z
161,77922,Pierce and Sons,confirmed,GBP,22356.0,4471.2,26827.2,2025-09-17T10:40:26.549240Z
267,35910,Wallace LLC,created,USD,0.46,0.03,0.49,2025-09-17T10:40:26.662208Z
373,14461,Khan Ltd,created,USD,2.79,0.2,2.99,2025-09-17T10:40:26.680249Z
638,92719,Kennedy LLC,created,EUR,0.04,0.01,0.05,2025-09-17T10:40:26.761512Z
850,74757,Davis-Pearson,invoiced,GBP,3663.0,732.6,4395.6,2025-09-17T10:40:26.886455Z
943,80971,Nichols and Sons,paid,GBP,1389.34,277.87,1667.21,2025-09-17T10:40:27.038746Z
56,83368,Wells PLC,paid,GBP,348.0,69.6,417.6,2025-09-17T10:40:27.106994Z
162,17039,Leach, Harris and Harris,created,GBP,2988.56,597.71,3586.27,2025-09-17T10:40:27.123589Z
480,61491,Sweeney, Carter and Beck,confirmed,USD,0.94,0.07,1.01,2025-09-17T10:40:27.280348Z
639,90515,Sutton-Thomas,confirmed,USD,0.53,0.04,0.57,2025-09-17T10:40:27.298325Z
745,38912,Contreras, Richardson and Whitehead,invoiced,USD,4.42,0.31,4.73,2025-09-17T10:40:27.313681Z
851,85996,Graves-Bryant,created,USD,0.54,0.04,0.58,2025-09-17T10:40:27.425696Z
957,70636,Noble and Sons,paid,GBP,31162.27,6232.45,37394.72,2025-09-17T10:40:27.433687Z
269,15227,Dyer PLC,paid,EUR,7161.0,1432.2,8593.2,2025-09-17T10:40:27.477494Z
57,15579,Lawrence-Smith,invoiced,USD,2476.51,173.36,2649.87,2025-09-17T10:40:27.527990Z
163,80965,Bryant, Silva and Vasquez,confirmed,GBP,5223.0,1044.6,6267.6,2025-09-17T10:40:27.598790Z
375,40633,Wright-Kim,created,GBP,1.63,0.33,1.96,2025-09-17T10:40:27.669919Z
481,98865,Kennedy, Coleman and Taylor,invoiced,GBP,4180.93,836.19,5017.12,2025-09-17T10:40:27.707201Z
640,12375,Bryant, Brown and Wolf,confirmed,GBP,1.75,0.35,2.1,2025-09-17T10:40:27.748096Z
746,65547,Moore, Gibbs and Cunningham,created,USD,27740.44,1941.83,29682.27,2025-09-17T10:40:27.804463Z
852,90739,Reynolds Group,invoiced,GBP,1.11,0.22,1.33,2025-09-17T10:40:27.889748Z
958,52309,Mclean, Castillo and Reynolds,confirmed,GBP,261.24,52.25,313.49,2025-09-17T10:40:27.973575Z
627,42883,Matthews, Martinez and Smith,paid,EUR,0.76,0.15,0.91,2025-09-17T10:40:27.994961Z
58,86121,Harris Ltd,invoiced,EUR,1.52,0.3,1.82,2025-09-17T10:40:28.091732Z
164,22495,Turner, Acevedo and Ford,paid,EUR,87.0,17.4,104.4,2025-09-17T10:40:28.167348Z
376,98117,Cortez, Ruiz and Martin,confirmed,GBP,4378.25,875.65,5253.9,2025-09-17T10:40:28.196571Z
270,33513,Li-Cross,created,GBP,725.0,145.0,870.0,2025-09-17T10:40:28.214153Z
482,78301,Turner, Butler and Meyers,invoiced,EUR,2.05,0.41,2.46,2025-09-17T10:40:28.279736Z
363,32289,Herrera LLC,paid,USD,3.62,0.25,3.87,2025-09-17T10:40:28.357113Z
747,49128,Wilson, West and Roberts,invoiced,EUR,15953.0,3190.6,19143.6,2025-09-17T10:40:28.414074Z
853,63046,Boyer-Garner,created,GBP,986.07,197.21,1183.28,2025-09-17T10:40:28.467962Z
959,72236,Rodriguez Group,confirmed,EUR,1.56,0.31,1.87,2025-09-17T10:40:28.595680Z
271,73382,Kelly, Rhodes and Watson,confirmed,GBP,8683.04,1736.61,10419.65,2025-09-17T10:40:28.670204Z
59,39384,Cantu Group,paid,EUR,2603.14,520.63,3123.77,2025-09-17T10:40:28.714138Z
377,41543,Davis, Oconnell and Miller,invoiced,GBP,1583.0,316.6,1899.6,2025-09-17T10:40:28.812744Z
483,79429,Morton, Edwards and Miller,confirmed,EUR,9950.0,1990.0,11940.0,2025-09-17T10:40:28.834827Z
847,61058,White-Kirk,created,EUR,0.17,0.03,0.2,2025-09-17T10:40:28.883161Z
642,96567,Grimes-Wagner,confirmed,GBP,0.23,0.05,0.28,2025-09-17T10:40:28.984639Z
53,90889,Bryant Ltd,confirmed,GBP,2178.0,435.6,2613.6,2025-09-17T10:40:29.045095Z
854,56363,Hardy-Mason,invoiced,USD,2193.45,153.54,2346.99,2025-09-17T10:40:29.106244Z
960,60890,Thompson, Small and Carter,paid,USD,5149.0,360.43,5509.43,2025-09-17T10:40:29.193803Z
60,50344,Lane-Baker,created,GBP,7172.34,1434.47,8606.81,2025-09-17T10:40:29.238627Z
166,33424,Morrison, Patterson and Murphy,invoiced,USD,50337.0,3523.59,53860.59,2025-09-17T10:40:29.299672Z
272,72501,Brown-Rich,invoiced,USD,1393.19,97.52,1490.71,2025-09-17T10:40:29.317827Z
378,12979,Erickson-Haynes,created,EUR,1.27,0.25,1.52,2025-09-17T10:40:29.441831Z
484,84960,Ramos Inc,created,EUR,5971.48,1194.3,7165.78,2025-09-17T10:40:29.481265Z
636,36188,Thompson PLC,confirmed,GBP,1981.12,396.22,2377.34,2025-09-17T10:40:29.489017Z
749,69757,Davenport, Fischer and Jackson,confirmed,GBP,3564.0,712.8,4276.8,2025-09-17T10:40:29.572349Z
643,82170,Gallagher-Peterson,invoiced,EUR,3861.66,772.33,4633.99,2025-09-17T10:40:29.604135Z
855,42650,Moore-Newton,paid,GBP,1.89,0.38,2.27,2025-09-17T10:40:29.661581Z
961,93996,Brown, Barnes and Stephens,confirmed,EUR,1.23,0.25,1.48,2025-09-17T10:40:29.733777Z
61,74813,Hawkins LLC,invoiced,EUR,52734.8,10546.96,63281.76,2025-09-17T10:40:29.783472Z
167,39993,Murphy LLC,invoiced,EUR,0.74,0.15,0.89,2025-09-17T10:40:29.841757Z
379,14090,Ryan LLC,confirmed,GBP,1287.0,257.4,1544.4,2025-09-17T10:40:29.925856Z
273,35173,Schultz, Allen and Simon,paid,EUR,0.73,0.15,0.88,2025-09-17T10:40:29.928727Z
485,28343,Wolf Group,paid,EUR,2992.04,598.41,3590.45,2025-09-17T10:40:29.991490Z
644,73649,Reynolds-Rodriguez,created,EUR,5970.21,1194.04,7164.25,2025-09-17T10:40:30.037699Z
750,52822,Taylor-Allen,created,GBP,44504.0,8900.8,53404.8,2025-09-17T10:40:30.090971Z
856,38476,Saunders Inc,invoiced,USD,2989.06,209.23,3198.29,2025-09-17T10:40:30.208859Z
962,43190,Pearson, Kim and Anderson,created,EUR,2.8,0.56,3.36,2025-09-17T10:40:30.215431Z
274,28937,Wood-Williams,created,EUR,1046.89,209.38,1256.27,2025-09-17T10:40:30.271040Z
479,64280,Rice, Rice and Golden,created,USD,1.38,0.1,1.48,2025-09-17T10:40:30.383272Z
744,50497,Roth, Meyer and Guerra,invoiced,EUR,6369.04,1273.81,7642.85,2025-09-17T10:40:30.477485Z
168,25057,Wood, Lopez and Patel,confirmed,GBP,1.59,0.32,1.91,2025-09-17T10:40:30.553526Z
380,27390,Casey-Russell,created,GBP,4257.9,851.58,5109.48,2025-09-17T10:40:30.573727Z
956,99563,Hernandez-Rodgers,invoiced,EUR,2291.18,458.24,2749.42,2025-09-17T10:40:30.705754Z
751,78157,Davies LLC,created,USD,3995.0,279.65,4274.65,2025-09-17T10:40:30.747100Z
645,35842,Hernandez, Parsons and Campbell,confirmed,EUR,27166.82,5433.36,32600.18,2025-09-17T10:40:30.757395Z
374,53465,Higgins and Sons,invoiced,USD,43105.04,3017.35,46122.39,2025-09-17T10:40:30.795009Z
857,73115,Neal, Clarke and Lambert,confirmed,EUR,0.22,0.04,0.26,2025-09-17T10:40:30.931351Z
963,80716,Lewis-Preston,invoiced,GBP,2.72,0.54,3.26,2025-09-17T10:40:30.957915Z
275,26271,Blair, Grant and Flores,invoiced,GBP,20173.67,4034.73,24208.4,2025-09-17T10:40:31.033435Z
63,68345,Carter-Blankenship,created,EUR,145.55,29.11,174.66,2025-09-17T10:40:31.085046Z
169,43492,Weber, Peters and Martinez,confirmed,EUR,0.69,0.14,0.83,2025-09-17T10:40:31.160025Z
381,72834,Beltran-Johnson,invoiced,GBP,16593.0,3318.6,19911.6,2025-09-17T10:40:31.171853Z
487,89028,Edwards-Donovan,created,USD,100.06,7.0,107.06,2025-09-17T10:40:31.271798Z
752,77690,Johnson, Kent and Long,confirmed,GBP,3995.0,799.0,4794.0,2025-09-17T10:40:31.378158Z
964,76125,Hawkins-Donovan,paid,EUR,1248.15,249.63,1497.78,2025-09-17T10:40:31.407100Z
858,79361,Davis, Moore and Oneill,paid,EUR,7991.52,1598.3,9589.82,2025-09-17T10:40:31.437418Z
276,58881,Gonzalez LLC,confirmed,GBP,4653.44,930.69,5584.13,2025-09-17T10:40:31.477031Z
170,55218,Flores, Davis and Nguyen,confirmed,GBP,37553.0,7510.6,45063.6,2025-09-17T10:40:31.650707Z
382,17430,Taylor-Perez,confirmed,USD,4047.0,283.29,4330.29,2025-09-17T10:40:31.656199Z
488,24700,Swanson, Koch and Fox,paid,GBP,4752.0,950.4,5702.4,2025-09-17T10:40:31.744113Z
647,96321,Reed, Jones and Reyes,invoiced,EUR,26798.0,5359.6,32157.6,2025-09-17T10:40:31.762385Z
753,57824,Hendricks LLC,paid,GBP,297.0,59.4,356.4,2025-09-17T10:40:31.879562Z
965,40145,Morris-Holt,created,USD,7154.9,500.84,7655.74,2025-09-17T10:40:31.927716Z
859,85033,Martinez Ltd,created,GBP,4776.25,955.25,5731.5,2025-09-17T10:40:31.942106Z
277,21686,Robinson Inc,created,USD,2.52,0.18,2.7,2025-09-17T10:40:32.031031Z
641,60102,Silva Group,paid,EUR,42222.96,8444.59,50667.55,2025-09-17T10:40:32.060173Z
65,64361,Roberts-Kirk,confirmed,USD,19177.13,1342.4,20519.53,2025-09-17T10:40:32.154577Z
383,77658,Powell, Hall and Rodriguez,invoiced,GBP,27453.0,5490.6,32943.6,2025-09-17T10:40:32.213409Z
489,33551,Reynolds, Beard and Hood,confirmed,USD,464.12,32.49,496.61,2025-09-17T10:40:32.275268Z
648,94148,Duncan PLC,invoiced,GBP,2.9,0.58,3.48,2025-09-17T10:40:32.310019Z
754,33511,Jimenez, Taylor and Henson,created,GBP,15645.0,3129.0,18774.0,2025-09-17T10:40:32.401823Z
165,12205,Nixon Group,invoiced,EUR,1.85,0.37,2.22,2025-09-17T10:40:32.441008Z
860,28119,Contreras Inc,invoiced,GBP,2.08,0.42,2.5,2025-09-17T10:40:32.499679Z
66,19281,Hamilton-Sanchez,created,GBP,0.32,0.06,0.38,2025-09-17T10:40:32.642577Z
64,72411,Mccoy Group,created,USD,9950.0,696.5,10646.5,2025-09-17T10:40:32.660389Z
748,19369,Herring LLC,confirmed,EUR,2581.0,516.2,3097.2,2025-09-17T10:40:32.714943Z
384,94478,Williams-Patel,invoiced,GBP,1.52,0.3,1.82,2025-09-17T10:40:32.819294Z
490,72063,Wells, Hansen and Bond,confirmed,GBP,1.92,0.38,2.3,2025-09-17T10:40:32.889211Z
649,57021,Kelly PLC,confirmed,GBP,4752.01,950.4,5702.41,2025-09-17T10:40:32.934599Z
861,68470,Sexton-Williams,paid,USD,15980.55,1118.64,17099.19,2025-09-17T10:40:33.028015Z
967,78948,Lewis Group,confirmed,EUR,4.88,0.98,5.86,2025-09-17T10:40:33.089075Z
279,63797,Cobb-Williams,paid,EUR,3383.0,676.6,4059.6,2025-09-17T10:40:33.187177Z
67,19803,Miranda Group,confirmed,GBP,11987.24,2397.45,14384.69,2025-09-17T10:40:33.214001Z
173,52483,Barnett-Strickland,confirmed,GBP,4.0,0.8,4.8,2025-09-17T10:40:33.323690Z
385,18517,Foster-Parker,confirmed,EUR,6965.37,1393.07,8358.44,2025-09-17T10:40:33.344372Z
491,74960,Ruiz-Hines,invoiced,EUR,638.0,127.6,765.6,2025-09-17T10:40:33.376192Z
650,51144,Sutton, Beard and Cole,confirmed,GBP,198.0,39.6,237.6,2025-09-17T10:40:33.427338Z
756,70187,Williamson-Franklin,confirmed,USD,1.21,0.08,1.29,2025-09-17T10:40:33.496933Z
862,84054,Harris, Mason and Wiggins,invoiced,EUR,0.85,0.17,1.02,2025-09-17T10:40:33.572050Z
968,22863,Hampton-Andrews,invoiced,EUR,3.85,0.77,4.62,2025-09-17T10:40:33.631746Z
280,50577,Rios-Merritt,created,GBP,0.32,0.06,0.38,2025-09-17T10:40:33.690937Z
68,71127,Burgess, Odonnell and Rodriguez,confirmed,USD,23171.53,1622.01,24793.54,2025-09-17T10:40:33.733681Z
174,10614,Lucero-Crawford,created,GBP,18754.28,3750.86,22505.14,2025-09-17T10:40:33.782880Z
386,91521,Watts-Herrera,invoiced,GBP,1.02,0.2,1.22,2025-09-17T10:40:33.863487Z
492,90694,Berg LLC,paid,EUR,2871.12,574.22,3445.34,2025-09-17T10:40:33.905598Z
651,15724,Anderson, Johnson and Holt,invoiced,GBP,35157.89,7031.58,42189.47,2025-09-17T10:40:33.908946Z
757,61955,Lopez, Lee and Cervantes,confirmed,USD,34357.0,2404.99,36761.99,2025-09-17T10:40:34.096152Z
969,59538,Cuevas, Davis and Stark,paid,EUR,581.33,116.27,697.6,2025-09-17T10:40:34.146156Z
863,86217,Ryan-Horne,paid,GBP,0.24,0.05,0.29,2025-09-17T10:40:34.160627Z
486,32601,Burns and Sons,confirmed,GBP,899.0,179.8,1078.8,2025-09-17T10:40:34.227970Z
281,12601,King-Griffin,paid,USD,0.31,0.02,0.33,2025-09-17T10:40:34.310875Z
69,99684,Davis and Sons,paid,GBP,2784.41,556.88,3341.29,2025-09-17T10:40:34.343190Z
387,67697,Williams and Sons,created,EUR,30362.37,6072.47,36434.84,2025-09-17T10:40:34.454165Z
493,43064,Blackburn, Singleton and Willis,created,USD,38735.0,2711.45,41446.45,2025-09-17T10:40:34.484952Z
652,28858,Lane, Schmidt and Allison,paid,EUR,990.0,198.0,1188.0,2025-09-17T10:40:34.609871Z
758,53421,Cervantes PLC,confirmed,GBP,2283.0,456.6,2739.6,2025-09-17T10:40:34.639996Z
864,50080,Johnson-Frazier,paid,EUR,24794.0,4958.8,29752.8,2025-09-17T10:40:34.695386Z
970,47472,Rodriguez, Davis and Hansen,paid,EUR,10344.0,2068.8,12412.8,2025-09-17T10:40:34.735115Z
70,25523,Warner-Cole,created,GBP,10123.0,2024.6,12147.6,2025-09-17T10:40:34.791943Z
282,98043,Case Group,confirmed,USD,43606.0,3052.42,46658.42,2025-09-17T10:40:34.885324Z
176,13892,Saunders and Sons,paid,EUR,783.64,156.73,940.37,2025-09-17T10:40:34.891776Z
388,58341,Cox-Meyers,confirmed,EUR,5148.0,1029.6,6177.6,2025-09-17T10:40:34.988060Z
646,85061,French, Simon and Gilbert,confirmed,EUR,8756.09,1751.22,10507.31,2025-09-17T10:40:34.998315Z
494,92171,Barker, Fields and Ware,created,EUR,3070.2,614.04,3684.24,2025-09-17T10:40:35.028437Z
653,74661,Jackson, Camacho and Ramos,paid,GBP,9950.1,1990.02,11940.12,2025-09-17T10:40:35.120017Z
865,62456,Peters, Mckenzie and Alexander,confirmed,EUR,1452.78,290.56,1743.34,2025-09-17T10:40:35.251066Z
172,56205,Lewis LLC,paid,USD,464.0,32.48,496.48,2025-09-17T10:40:35.268478Z
971,44483,Archer Ltd,invoiced,USD,3465.0,242.55,3707.55,2025-09-17T10:40:35.369376Z
71,52434,Harvey, Smith and Mcgrath,confirmed,EUR,2.4,0.48,2.88,2025-09-17T10:40:35.428957Z
177,38415,Fisher-Lee,confirmed,EUR,3.57,0.71,4.28,2025-09-17T10:40:35.439688Z
283,12727,York LLC,invoiced,USD,2.0,0.14,2.14,2025-09-17T10:40:35.497330Z
389,97671,Bell, Bauer and Stephens,created,GBP,19058.0,3811.6,22869.6,2025-09-17T10:40:35.592670Z
495,99725,Lopez PLC,invoiced,USD,21573.0,1510.11,23083.11,2025-09-17T10:40:35.600122Z
654,96487,Cruz, Edwards and Fields,confirmed,GBP,1.85,0.37,2.22,2025-09-17T10:40:35.650107Z
760,27586,Atkins Inc,confirmed,USD,0.04,0.0,0.04,2025-09-17T10:40:35.718768Z
171,83639,Mcgrath-Wilson,created,EUR,754.64,150.93,905.57,2025-09-17T10:40:35.829631Z
972,25740,Russell, James and Villarreal,confirmed,EUR,0.99,0.2,1.19,2025-09-17T10:40:35.874915Z
72,19624,Rodgers, Lopez and Hale,invoiced,EUR,0.95,0.19,1.14,2025-09-17T10:40:35.993835Z
284,14302,Wood-Berg,invoiced,USD,1.71,0.12,1.83,2025-09-17T10:40:36.024015Z
178,24768,Orozco, Newman and Fischer,created,USD,1.77,0.12,1.89,2025-09-17T10:40:36.036960Z
390,84367,Davis, Hicks and Haas,paid,GBP,41944.0,8388.8,50332.8,2025-09-17T10:40:36.094196Z
496,69175,Martinez-Bauer,confirmed,USD,2987.9,209.15,3197.05,2025-09-17T10:40:36.228986Z
655,14756,Mitchell Inc,confirmed,EUR,4.0,0.8,4.8,2025-09-17T10:40:36.256067Z
761,39496,Norman, Walker and Scott,confirmed,EUR,0.14,0.03,0.17,2025-09-17T10:40:36.356659Z
867,27433,Stevens, Mata and Carrillo,created,GBP,1277.48,255.5,1532.98,2025-09-17T10:40:36.388797Z
973,30341,Williams, Barnes and Baker,confirmed,EUR,995.85,199.17,1195.02,2025-09-17T10:40:36.430387Z
278,48473,Ramirez-Washington,confirmed,GBP,7143.66,1428.73,8572.39,2025-09-17T10:40:36.509294Z
73,46675,Shaw PLC,confirmed,EUR,1791.28,358.26,2149.54,2025-09-17T10:40:36.586617Z
179,35975,Summers Inc,invoiced,USD,34922.0,2444.54,37366.54,2025-09-17T10:40:36.588050Z
285,86127,Hughes-Willis,invoiced,GBP,497.46,99.49,596.95,2025-09-17T10:40:36.675807Z
755,78326,Cook-Brown,confirmed,GBP,4950.29,990.06,5940.35,2025-09-17T10:40:36.697157Z
497,44368,Bernard, Whitaker and Cook,paid,GBP,39251.08,7850.22,47101.3,2025-09-17T10:40:36.885248Z
656,97242,Jennings, Duncan and Williams,created,USD,2.45,0.17,2.62,2025-09-17T10:40:36.894144Z
762,93240,Zavala-Price,invoiced,GBP,4.07,0.81,4.88,2025-09-17T10:40:36.959976Z
868,62649,Murphy PLC,paid,GBP,435.0,87.0,522.0,2025-09-17T10:40:37.014999Z
974,53173,Guzman, Salazar and Steele,invoiced,EUR,5176.05,1035.21,6211.26,2025-09-17T10:40:37.085605Z
74,90035,Camacho, Flores and Marsh,confirmed,GBP,3981.15,796.23,4777.38,2025-09-17T10:40:37.155771Z
180,28905,Craig PLC,confirmed,EUR,3.2,0.64,3.84,2025-09-17T10:40:37.206292Z
286,74462,Stewart Inc,created,USD,3.4,0.24,3.64,2025-09-17T10:40:37.232792Z
392,90645,Stevens-Trujillo,created,GBP,58.0,11.6,69.6,2025-09-17T10:40:37.278473Z
498,73183,Carr-Wright,invoiced,GBP,0.45,0.09,0.54,2025-09-17T10:40:37.371745Z
657,88005,Mccormick-Stewart,paid,USD,8558.11,599.07,9157.18,2025-09-17T10:40:37.374095Z
763,91371,Waller Inc,invoiced,USD,4333.69,303.36,4637.05,2025-09-17T10:40:37.411977Z
975,74849,Horton, Newman and Hoffman,confirmed,EUR,1.15,0.23,1.38,2025-09-17T10:40:37.516443Z
75,69093,Kim, Williams and Saunders,invoiced,GBP,8789.3,1757.86,10547.16,2025-09-17T10:40:37.583004Z
62,85400,Brown and Sons,confirmed,GBP,3663.27,732.65,4395.92,2025-09-17T10:40:37.682931Z
181,86145,Garcia, Cook and Morgan,invoiced,EUR,2985.27,597.05,3582.32,2025-09-17T10:40:37.724144Z
287,82875,Edwards Inc,created,GBP,3268.35,653.67,3922.02,2025-09-17T10:40:37.797473Z
393,59007,Jackson-Smith,invoiced,USD,40404.0,2828.28,43232.28,2025-09-17T10:40:37.806210Z
175,68190,Williams PLC,created,USD,21631.0,1514.17,23145.17,2025-09-17T10:40:37.970588Z
658,30037,Brown-Stone,confirmed,EUR,5148.22,1029.64,6177.86,2025-09-17T10:40:38.000351Z
870,42079,Wallace-Wood,paid,USD,4384.69,306.93,4691.62,2025-09-17T10:40:38.074854Z
976,53466,Cohen, Richard and Brown,confirmed,EUR,28856.41,5771.28,34627.69,2025-09-17T10:40:38.145656Z
182,69253,Hall-Morse,invoiced,GBP,20104.0,4020.8,24124.8,2025-09-17T10:40:38.261280Z
76,58569,Clements-Gonzalez,confirmed,EUR,0.94,0.19,1.13,2025-09-17T10:40:38.269466Z
288,46865,Norton-Castillo,created,GBP,1287.0,257.4,1544.4,2025-09-17T10:40:38.358371Z
394,41275,Bell and Sons,paid,GBP,522.97,104.59,627.56,2025-09-17T10:40:38.426797Z
659,48296,Lee-Malone,invoiced,EUR,6966.75,1393.35,8360.1,2025-09-17T10:40:38.463752Z
500,70503,Lane, Scott and Avila,created,USD,8559.45,599.16,9158.61,2025-09-17T10:40:38.482601Z
765,14389,Sanchez-Hill,paid,GBP,203.0,40.6,243.6,2025-09-17T10:40:38.521121Z
871,55597,Valencia, Rosales and Cortez,confirmed,EUR,1.85,0.37,2.22,2025-09-17T10:40:38.640596Z
977,92623,Schneider LLC,invoiced,GBP,1248.72,249.74,1498.46,2025-09-17T10:40:38.677738Z
77,43125,Gonzalez-Lee,paid,GBP,0.3,0.06,0.36,2025-09-17T10:40:38.743353Z
759,17739,Jones, Velazquez and Logan,invoiced,USD,2.4,0.17,2.57,2025-09-17T10:40:38.796568Z
183,24148,Burgess Inc,created,USD,754.21,52.79,807.0,2025-09-17T10:40:38.830126Z
289,45682,Lopez, Ramos and Logan,paid,USD,1584.0,110.88,1694.88,2025-09-17T10:40:38.873394Z
395,58585,Smith-Martinez,created,EUR,1.0,0.2,1.2,2025-09-17T10:40:38.939266Z
501,93810,Fuller-Allen,confirmed,GBP,8557.0,1711.4,10268.4,2025-09-17T10:40:39.028936Z
660,12114,Davidson, Gray and Rivers,confirmed,USD,1.13,0.08,1.21,2025-09-17T10:40:39.031234Z
766,46492,Bailey LLC,invoiced,EUR,3198.72,639.74,3838.46,2025-09-17T10:40:39.101723Z
872,81744,Anderson-Jordan,confirmed,GBP,54121.0,10824.2,64945.2,2025-09-17T10:40:39.193733Z
978,87451,Chang Group,created,EUR,1.89,0.38,2.27,2025-09-17T10:40:39.233001Z
290,81132,Beard-Watkins,created,GBP,0.17,0.03,0.2,2025-09-17T10:40:39.267767Z
78,34596,Evans Ltd,created,EUR,10387.0,2077.4,12464.4,2025-09-17T10:40:39.300268Z
184,46165,Allen Ltd,invoiced,EUR,4.23,0.85,5.08,2025-09-17T10:40:39.376376Z
396,16615,Rios-Hawkins,invoiced,GBP,26958.3,5391.66,32349.96,2025-09-17T10:40:39.468029Z
866,25439,Smith LLC,invoiced,EUR,4653.0,930.6,5583.6,2025-09-17T10:40:39.496078Z
502,76257,Jackson-Bell,invoiced,USD,290.99,20.37,311.36,2025-09-17T10:40:39.530465Z
767,24063,Soto and Sons,invoiced,EUR,9353.0,1870.6,11223.6,2025-09-17T10:40:39.674579Z
873,28466,Knight, Torres and Mullen,invoiced,EUR,6.08,1.22,7.3,2025-09-17T10:40:39.742658Z
979,71360,Tyler Inc,invoiced,EUR,1800.96,360.19,2161.15,2025-09-17T10:40:39.771639Z
79,29049,Bailey-Martin,confirmed,USD,0.18,0.01,0.19,2025-09-17T10:40:39.896644Z
291,96302,Gross-Rowland,created,EUR,0.41,0.08,0.49,2025-09-17T10:40:39.972905Z
185,24818,Moore PLC,created,GBP,2.08,0.42,2.5,2025-09-17T10:40:39.994433Z
397,25820,Foster Ltd,confirmed,EUR,1.1,0.22,1.32,2025-09-17T10:40:40.025914Z
503,32408,Gomez and Sons,confirmed,USD,4379.84,306.59,4686.43,2025-09-17T10:40:40.126802Z
662,93177,Johnson LLC,confirmed,GBP,24769.0,4953.8,29722.8,2025-09-17T10:40:40.214918Z
768,21464,Bryant-Mosley,invoiced,GBP,10872.0,2174.4,13046.4,2025-09-17T10:40:40.262501Z
874,78074,Gomez Inc,created,USD,4.28,0.3,4.58,2025-09-17T10:40:40.305079Z
980,65976,Irwin-Thompson,paid,GBP,6393.11,1278.62,7671.73,2025-09-17T10:40:40.365889Z
80,45584,Weaver-Erickson,created,GBP,0.3,0.06,0.36,2025-09-17T10:40:40.419167Z
391,74594,Haley Ltd,created,GBP,11019.0,2203.8,13222.8,2025-09-17T10:40:40.461643Z
292,28971,Hernandez-Hood,created,USD,0.24,0.02,0.26,2025-09-17T10:40:40.526423Z
186,54865,Perry, Kelley and Cole,invoiced,EUR,3366.04,673.21,4039.25,2025-09-17T10:40:40.545544Z
398,63151,Young-West,created,EUR,2.31,0.46,2.77,2025-09-17T10:40:40.623753Z
504,70675,Richardson, Smith and Franco,created,EUR,5749.04,1149.81,6898.85,2025-09-17T10:40:40.662042Z
663,90547,Ramos Ltd,invoiced,USD,26737.96,1871.66,28609.62,2025-09-17T10:40:40.697368Z
769,11502,Bishop Inc,paid,EUR,1.63,0.33,1.96,2025-09-17T10:40:40.752863Z
875,75970,Adkins-Trujillo,invoiced,USD,9353.0,654.71,10007.71,2025-09-17T10:40:40.848872Z
981,38757,Taylor LLC,created,USD,0.1,0.01,0.11,2025-09-17T10:40:40.929721Z
81,76314,Morgan-Schmidt,confirmed,USD,2947.0,206.29,3153.29,2025-09-17T10:40:40.960905Z
187,56037,Lara-Hernandez,confirmed,USD,8358.47,585.09,8943.56,2025-09-17T10:40:41.026347Z
505,29609,Richard-Ramirez,created,USD,13348.0,934.36,14282.36,2025-09-17T10:40:41.138259Z
399,14617,Dawson Inc,invoiced,EUR,3.65,0.73,4.38,2025-09-17T10:40:41.165667Z
869,64210,Sanders, Jensen and Bryant,created,GBP,0.18,0.04,0.22,2025-09-17T10:40:41.244626Z
664,77433,Mahoney-Garner,paid,EUR,21573.0,4314.6,25887.6,2025-09-17T10:40:41.253451Z
876,12821,Green, Fisher and Miller,created,USD,9049.56,633.47,9683.03,2025-09-17T10:40:41.355532Z
982,76174,Roberson Inc,invoiced,USD,7960.08,557.21,8517.29,2025-09-17T10:40:41.474874Z
82,28968,Lucero-Carter,paid,GBP,3184.0,636.8,3820.8,2025-09-17T10:40:41.517756Z
188,39017,Melendez-Allen,confirmed,EUR,0.25,0.05,0.3,2025-09-17T10:40:41.557671Z
499,24904,Christensen Group,created,GBP,0.86,0.17,1.03,2025-09-17T10:40:41.658137Z
294,33077,Washington and Sons,invoiced,EUR,4851.66,970.33,5821.99,2025-09-17T10:40:41.725546Z
400,50329,King, Hess and Knight,invoiced,GBP,1.6,0.32,1.92,2025-09-17T10:40:41.756710Z
764,97588,Jones Group,paid,EUR,8640.53,1728.11,10368.64,2025-09-17T10:40:41.812847Z
665,78321,Perez, Wallace and Perez,confirmed,EUR,1189.0,237.8,1426.8,2025-09-17T10:40:41.919125Z
771,59192,Thompson Group,invoiced,GBP,1288.07,257.61,1545.68,2025-09-17T10:40:41.922198Z
983,96893,Blake, Bennett and Tran,created,USD,597.22,41.81,639.03,2025-09-17T10:40:42.082911Z
295,46984,Harrison, French and Matthews,paid,USD,0.26,0.02,0.28,2025-09-17T10:40:42.159665Z
83,75032,Davis-Gray,confirmed,GBP,16957.86,3391.57,20349.43,2025-09-17T10:40:42.203364Z
189,73364,Hill, Johnston and Wilson,invoiced,GBP,1450.17,290.03,1740.2,2025-09-17T10:40:42.230401Z
401,75232,Patterson LLC,created,USD,3698.0,258.86,3956.86,2025-09-17T10:40:42.277025Z
507,73197,Johnston, Thomas and Rios,paid,EUR,3864.52,772.9,4637.42,2025-09-17T10:40:42.341154Z
666,69784,Hamilton-Mason,invoiced,EUR,349.51,69.9,419.41,2025-09-17T10:40:42.399663Z
772,23700,Rivera, Williams and Thomas,invoiced,GBP,3781.0,756.2,4537.2,2025-09-17T10:40:42.436898Z
878,81248,Campbell, Atkins and Peterson,paid,EUR,13214.0,2642.8,15856.8,2025-09-17T10:40:42.557870Z
984,92392,Kennedy Inc,confirmed,USD,1.93,0.14,2.07,2025-09-17T10:40:42.584998Z
84,47170,Burns PLC,paid,GBP,10387.0,2077.4,12464.4,2025-09-17T10:40:42.627277Z
190,19776,Walton LLC,paid,EUR,1218.0,243.6,1461.6,2025-09-17T10:40:42.702275Z
402,74180,Benson Group,created,EUR,35157.8,7031.56,42189.36,2025-09-17T10:40:42.760470Z
296,19576,Watson-Shelton,confirmed,EUR,2.75,0.55,3.3,2025-09-17T10:40:42.773762Z
508,81017,Barnes, Jones and Green,paid,USD,50337.0,3523.59,53860.59,2025-09-17T10:40:42.813950Z
667,23523,Hamilton, Butler and Collins,paid,GBP,1189.93,237.99,1427.92,2025-09-17T10:40:42.900403Z
773,32537,Powers-Klein,invoiced,USD,1625.84,113.81,1739.65,2025-09-17T10:40:42.934911Z
879,20189,Cox, Gaines and Lopez,paid,GBP,2079.98,416.0,2495.98,2025-09-17T10:40:43.022176Z
985,53364,Richardson Group,confirmed,USD,800.13,56.01,856.14,2025-09-17T10:40:43.035558Z
297,78870,Goodman-Bird,created,EUR,1.01,0.2,1.21,2025-09-17T10:40:43.147144Z
85,36160,Gilbert, Rodriguez and Stein,confirmed,EUR,794.36,158.87,953.23,2025-09-17T10:40:43.165756Z
191,79146,Savage, Palmer and Thomas,confirmed,USD,798.36,55.89,854.25,2025-09-17T10:40:43.236564Z
403,42721,Peterson, Mueller and Hurst,confirmed,GBP,99.0,19.8,118.8,2025-09-17T10:40:43.272558Z
661,32905,Collins-Miller,created,USD,8542.0,597.94,9139.94,2025-09-17T10:40:43.382130Z
509,65116,Pineda Ltd,created,EUR,1.58,0.32,1.9,2025-09-17T10:40:43.411239Z
774,49547,Wilson PLC,paid,EUR,31960.94,6392.19,38353.13,2025-09-17T10:40:43.498141Z
880,23931,Gross Ltd,invoiced,USD,1885.04,131.95,2016.99,2025-09-17T10:40:43.584692Z
986,25837,Cox Inc,confirmed,GBP,1160.0,232.0,1392.0,2025-09-17T10:40:43.669270Z
86,14067,Monroe, Stewart and Smith,paid,EUR,3781.0,756.2,4537.2,2025-09-17T10:40:43.718150Z
192,58933,Miller-Parker,confirmed,GBP,3.44,0.69,4.13,2025-09-17T10:40:43.721329Z
298,36975,Holland, White and White,created,USD,10348.27,724.38,11072.65,2025-09-17T10:40:43.795485Z
404,21461,Macdonald-Holmes,created,GBP,0.88,0.18,1.06,2025-09-17T10:40:43.824488Z
510,99729,Mitchell, Barnes and Rodriguez,confirmed,GBP,9956.0,1991.2,11947.2,2025-09-17T10:40:43.862305Z
775,73741,Ibarra Ltd,paid,USD,15613.0,1092.91,16705.91,2025-09-17T10:40:43.964193Z
669,49566,Meyer, Schneider and Turner,paid,USD,4776.0,334.32,5110.32,2025-09-17T10:40:43.970263Z
881,97751,Jackson-West,invoiced,EUR,2.03,0.41,2.44,2025-09-17T10:40:44.062790Z
987,79829,Mack, Moreno and Brown,invoiced,GBP,36726.0,7345.2,44071.2,2025-09-17T10:40:44.107912Z
87,29130,Lopez, Combs and Fernandez,invoiced,USD,7773.15,544.12,8317.27,2025-09-17T10:40:44.194770Z
193,83635,Mercado-Hines,invoiced,EUR,5566.17,1113.23,6679.4,2025-09-17T10:40:44.208774Z
299,57720,Cortez, Smith and Kline,invoiced,USD,3964.96,277.55,4242.51,2025-09-17T10:40:44.249813Z
511,24216,Martinez-Sanchez,paid,USD,0.31,0.02,0.33,2025-09-17T10:40:44.387561Z
670,84047,Mclaughlin-Gutierrez,confirmed,USD,4950.0,346.5,5296.5,2025-09-17T10:40:44.482853Z
776,69047,Luna, Kim and Kennedy,confirmed,GBP,1.04,0.21,1.25,2025-09-17T10:40:44.529143Z
882,11531,May, Braun and Taylor,created,USD,32917.7,2304.24,35221.94,2025-09-17T10:40:44.531883Z
293,72597,Wilson-Mason,invoiced,GBP,0.35,0.07,0.42,2025-09-17T10:40:44.662477Z
988,49821,Rodriguez, Garcia and Miller,paid,USD,45507.0,3185.49,48692.49,2025-09-17T10:40:44.664622Z
88,62099,Cook and Sons,confirmed,USD,435.0,30.45,465.45,2025-09-17T10:40:44.780358Z
194,88983,Perkins LLC,created,EUR,8790.36,1758.07,10548.43,2025-09-17T10:40:44.815745Z
300,88341,Cooper-Smith,confirmed,USD,1.64,0.11,1.75,2025-09-17T10:40:44.876307Z
406,65183,Bowers-Johnston,confirmed,EUR,1884.08,376.82,2260.9,2025-09-17T10:40:44.906587Z
770,59961,Meadows Group,created,GBP,7955.0,1591.0,9546.0,2025-09-17T10:40:44.990509Z
512,12488,Thomas-Preston,paid,USD,1.33,0.09,1.42,2025-09-17T10:40:45.019401Z
671,87003,Wall Ltd,created,EUR,1683.83,336.77,2020.6,2025-09-17T10:40:45.056850Z
777,40059,Griffin-Richardson,paid,USD,40312.0,2821.84,43133.84,2025-09-17T10:40:45.092516Z
883,82900,Martin PLC,confirmed,EUR,9203.0,1840.6,11043.6,2025-09-17T10:40:45.184651Z
989,20789,Evans Ltd,invoiced,GBP,27528.18,5505.64,33033.82,2025-09-17T10:40:45.226742Z
89,20628,Warner, Green and Cooper,created,GBP,1.18,0.24,1.42,2025-09-17T10:40:45.271540Z
195,88055,Williams-Gonzalez,paid,USD,2475.56,173.29,2648.85,2025-09-17T10:40:45.352054Z
301,62263,Lloyd, Snyder and Stevens,paid,GBP,0.67,0.13,0.8,2025-09-17T10:40:45.353355Z
506,74274,Reyes-Perry,paid,GBP,7.64,1.53,9.17,2025-09-17T10:40:45.420584Z
407,96279,Calderon LLC,paid,GBP,33558.0,6711.6,40269.6,2025-09-17T10:40:45.490328Z
513,12157,Anderson PLC,created,EUR,0.09,0.02,0.11,2025-09-17T10:40:45.532554Z
672,12332,Lewis and Sons,confirmed,EUR,0.96,0.19,1.15,2025-09-17T10:40:45.575335Z
778,15576,Anderson-Mora,confirmed,EUR,580.0,116.0,696.0,2025-09-17T10:40:45.678789Z
884,98718,Cameron Group,created,GBP,5373.0,1074.6,6447.6,2025-09-17T10:40:45.705711Z
990,75778,Barber LLC,confirmed,GBP,7363.9,1472.78,8836.68,2025-09-17T10:40:45.742745Z
302,83071,Oneill, Russell and Ayers,invoiced,GBP,1886.52,377.3,2263.82,2025-09-17T10:40:45.867666Z
877,38982,Bruce-Oneill,paid,EUR,4950.0,990.0,5940.0,2025-09-17T10:40:45.873416Z
90,36695,Davis, Keller and Willis,confirmed,EUR,1.76,0.35,2.11,2025-09-17T10:40:45.921683Z
196,95118,Dawson, Marquez and Norton,created,EUR,8955.0,1791.0,10746.0,2025-09-17T10:40:46.002103Z
408,67726,Mcmahon-Young,invoiced,USD,14382.71,1006.79,15389.5,2025-09-17T10:40:46.077688Z
514,56943,Chen and Sons,created,EUR,1940.74,388.15,2328.89,2025-09-17T10:40:46.102846Z
673,79432,Griffin-Lopez,invoiced,GBP,0.11,0.02,0.13,2025-09-17T10:40:46.186957Z
779,83810,Trujillo, Thompson and Huffman,invoiced,EUR,1.81,0.36,2.17,2025-09-17T10:40:46.213951Z
991,29305,Rios-Roberts,paid,EUR,17578.0,3515.6,21093.6,2025-09-17T10:40:46.317354Z
885,58336,Meza-Olsen,invoiced,GBP,3.43,0.69,4.12,2025-09-17T10:40:46.332505Z
303,14149,Novak and Sons,paid,GBP,2786.0,557.2,3343.2,2025-09-17T10:40:46.352384Z
91,20947,Jackson, Sutton and Martin,invoiced,USD,5357.44,375.02,5732.46,2025-09-17T10:40:46.478020Z
197,80762,Anderson Inc,paid,USD,1.28,0.09,1.37,2025-09-17T10:40:46.543906Z
409,77713,Mendoza, Dunn and Barnes,created,GBP,4577.0,915.4,5492.4,2025-09-17T10:40:46.568813Z
515,31584,Frye-Hardin,paid,GBP,0.56,0.11,0.67,2025-09-17T10:40:46.628904Z
674,63199,Miller and Sons,invoiced,EUR,2080.07,416.01,2496.08,2025-09-17T10:40:46.712744Z
780,36435,Roman, Copeland and Schmitt,confirmed,EUR,5.76,1.15,6.91,2025-09-17T10:40:46.775612Z
886,35037,Hansen, Martinez and Evans,paid,USD,2189.4,153.26,2342.66,2025-09-17T10:40:46.784417Z
992,36059,Lindsey-Smith,invoiced,GBP,0.04,0.01,0.05,2025-09-17T10:40:46.858801Z
92,65187,Cunningham, Grant and Chapman,invoiced,GBP,18739.97,3747.99,22487.96,2025-09-17T10:40:46.938222Z
198,16944,Dawson, Garcia and Manning,paid,GBP,232.0,46.4,278.4,2025-09-17T10:40:46.997947Z
304,27547,Simmons Group,confirmed,USD,1782.0,124.74,1906.74,2025-09-17T10:40:47.019007Z
516,41203,Norton, Cunningham and Serrano,invoiced,EUR,47141.0,9428.2,56569.2,2025-09-17T10:40:47.179613Z
675,37071,Sullivan-Avery,paid,EUR,22720.87,4544.17,27265.04,2025-09-17T10:40:47.232807Z
887,74785,Freeman-Gonzalez,confirmed,USD,16779.0,1174.53,17953.53,2025-09-17T10:40:47.305157Z
93,74795,Sharp, Ware and Davis,confirmed,GBP,1194.0,238.8,1432.8,2025-09-17T10:40:47.430384Z
993,18059,Thomas LLC,created,GBP,2178.0,435.6,2613.6,2025-09-17T10:40:47.436894Z
305,33932,Knight, Welch and Campbell,paid,EUR,2543.0,508.6,3051.6,2025-09-17T10:40:47.533819Z
199,55120,Long, Hill and Marquez,confirmed,EUR,7364.52,1472.9,8837.42,2025-09-17T10:40:47.536515Z
517,66613,Odom, Powell and Gonzalez,invoiced,EUR,11987.49,2397.5,14384.99,2025-09-17T10:40:47.663238Z
676,13936,Dean, Francis and Kelley,paid,USD,6768.08,473.77,7241.85,2025-09-17T10:40:47.740557Z
782,97701,King PLC,confirmed,EUR,18377.0,3675.4,22052.4,2025-09-17T10:40:47.821136Z
888,20465,Silva-Moon,confirmed,USD,407.72,28.54,436.26,2025-09-17T10:40:47.887126Z
994,26653,Parsons, James and Valdez,paid,GBP,4158.76,831.75,4990.51,2025-09-17T10:40:47.928602Z
306,66339,French, Ramirez and Hanson,confirmed,EUR,14759.0,2951.8,17710.8,2025-09-17T10:40:47.946070Z
94,81670,Martinez LLC,created,USD,742.0,51.94,793.94,2025-09-17T10:40:48.007206Z
200,15978,Navarro Inc,paid,GBP,10387.0,2077.4,12464.4,2025-09-17T10:40:48.096138Z
412,47681,Mccormick, Rodriguez and Gonzalez,confirmed,EUR,4654.41,930.88,5585.29,2025-09-17T10:40:48.168565Z
405,15705,Coffey Ltd,paid,GBP,6449.0,1289.8,7738.8,2025-09-17T10:40:48.215624Z
518,58720,Kelly, Armstrong and Palmer,paid,GBP,0.79,0.16,0.95,2025-09-17T10:40:48.263163Z
677,92493,Schneider Ltd,confirmed,EUR,0.62,0.12,0.74,2025-09-17T10:40:48.266060Z
783,82024,Brennan, Gonzalez and Powell,invoiced,USD,35113.0,2457.91,37570.91,2025-09-17T10:40:48.335180Z
889,93714,Mcbride, Young and Miller,confirmed,EUR,25738.35,5147.67,30886.02,2025-09-17T10:40:48.422220Z
995,33827,Gill-Lambert,paid,GBP,8159.37,1631.87,9791.24,2025-09-17T10:40:48.423760Z
307,93588,Turner, Schwartz and Meyer,paid,USD,2871.16,200.98,3072.14,2025-09-17T10:40:48.487690Z
95,79711,Booker, Doyle and Bowers,paid,USD,3.48,0.24,3.72,2025-09-17T10:40:48.529955Z
413,93640,White-Dunn,paid,USD,1278.11,89.47,1367.58,2025-09-17T10:40:48.681926Z
519,89095,Johnson-Rivera,confirmed,EUR,0.51,0.1,0.61,2025-09-17T10:40:48.735938Z
784,66729,Johnson, Wright and Torres,invoiced,EUR,8955.0,1791.0,10746.0,2025-09-17T10:40:48.843287Z
890,16340,Campbell-Adams,invoiced,EUR,0.44,0.09,0.53,2025-09-17T10:40:48.907765Z
996,68167,Werner-Garcia,paid,USD,31145.0,2180.15,33325.15,2025-09-17T10:40:48.911693Z
202,60533,Harrison, Marks and Gonzalez,confirmed,GBP,1188.0,237.6,1425.6,2025-09-17T10:40:49.052882Z
96,58574,Velez-Foster,invoiced,USD,6392.0,447.44,6839.44,2025-09-17T10:40:49.059436Z
308,34560,Rasmussen LLC,created,USD,2575.12,180.26,2755.38,2025-09-17T10:40:49.078035Z
414,65363,Serrano-Lynch,created,GBP,3.17,0.63,3.8,2025-09-17T10:40:49.165053Z
520,11781,Huynh Group,created,GBP,0.97,0.19,1.16,2025-09-17T10:40:49.252797Z
679,95617,Schmidt, Hughes and Gomez,created,EUR,1.72,0.34,2.06,2025-09-17T10:40:49.255654Z
785,77541,Barrera Group,confirmed,USD,4.18,0.29,4.47,2025-09-17T10:40:49.331475Z
997,71040,Evans-Thompson,confirmed,USD,3.44,0.24,3.68,2025-09-17T10:40:49.427723Z
891,93275,Hill-Young,paid,EUR,2772.87,554.57,3327.44,2025-09-17T10:40:49.441336Z
410,29278,Blanchard, Smith and Murphy,confirmed,GBP,43146.0,8629.2,51775.2,2025-09-17T10:40:49.472824Z
668,70558,Smith and Sons,confirmed,EUR,3267.0,653.4,3920.4,2025-09-17T10:40:49.591211Z
781,38013,Morales LLC,created,GBP,13683.9,2736.78,16420.68,2025-09-17T10:40:49.634787Z
411,38374,Murphy PLC,paid,GBP,3564.0,712.8,4276.8,2025-09-17T10:40:49.691361Z
678,24385,Smith-Fuentes,invoiced,GBP,1.92,0.38,2.3,2025-09-17T10:40:49.950767Z
